title,artist,year,decade,genre,duration_sec,sections
For God And Country,The Smashing Pumpkins,2007,2000s,Rock,264,"[{""type"":""intro"",""start"":0.46,""end"":5.19},{""type"":""instrumental"",""start"":9.98,""end"":14.38},{""type"":""verse"",""start"":33.62,""end"":38.24},{""type"":""bridge"",""start"":49.68,""end"":54.2},{""type"":""pre-chorus"",""start"":67.01,""end"":76.88},{""type"":""chorus"",""start"":76.88,""end"":81.63},{""type"":""verse"",""start"":98.69,""end"":103.7},{""type"":""bridge"",""start"":115.47,""end"":119.1},{""type"":""chorus"",""start"":129.47,""end"":133.52},{""type"":""pre-chorus"",""start"":167.62,""end"":177.15},{""type"":""chorus"",""start"":177.15,""end"":182.2},{""type"":""outro"",""start"":242.42,""end"":246.37},{""type"":""instrumental"",""start"":246.37,""end"":250.55},{""type"":""outro"",""start"":250.55,""end"":254.82}]"
I close my eyes,Shivaree,2005,2000s,Rock,236,"[{""type"":""intro"",""start"":0.45,""end"":8.5},{""type"":""verse"",""start"":8.5,""end"":16.06},{""type"":""chorus"",""start"":38.83,""end"":46.34},{""type"":""verse"",""start"":69.1,""end"":76.66},{""type"":""chorus"",""start"":99.37,""end"":106.97},{""type"":""bridge"",""start"":129.7,""end"":137.23},{""type"":""instrumental"",""start"":137.23,""end"":144.82},{""type"":""instrumental"",""start"":144.82,""end"":152.34},{""type"":""bridge"",""start"":152.34,""end"":159.96},{""type"":""chorus"",""start"":167.57,""end"":175.13},{""type"":""chorus"",""start"":182.71,""end"":190.26},{""type"":""chorus"",""start"":197.85,""end"":205.45},{""type"":""outro"",""start"":212.98,""end"":220.57},{""type"":""outro"",""start"":220.57,""end"":234.4}]"
My Old Jacknife,Ladyhawk,2006,2000s,Rock,170,"[{""type"":""intro"",""start"":0.14,""end"":6.94},{""type"":""instrumental"",""start"":6.94,""end"":13.48},{""type"":""verse"",""start"":13.48,""end"":19.81},{""type"":""chorus"",""start"":38.55,""end"":44.92},{""type"":""verse"",""start"":63.54,""end"":69.87},{""type"":""chorus"",""start"":88.48,""end"":94.68},{""type"":""instrumental"",""start"":113.28,""end"":119.51},{""type"":""instrumental"",""start"":131.67,""end"":137.76},{""type"":""chorus"",""start"":137.76,""end"":143.98},{""type"":""outro"",""start"":162.3,""end"":168.04}]"
Love Me   Just Leave Me Alone,Jewel,2001,2000s,Rock,227,"[{""type"":""intro"",""start"":0.45,""end"":10.14},{""type"":""verse"",""start"":38.19,""end"":46.27},{""type"":""verse"",""start"":62.41,""end"":70.48},{""type"":""bridge"",""start"":86.66,""end"":94.71},{""type"":""instrumental"",""start"":94.71,""end"":102.77},{""type"":""verse"",""start"":102.77,""end"":110.85},{""type"":""bridge"",""start"":126.97,""end"":135.04},{""type"":""instrumental"",""start"":135.04,""end"":143.1},{""type"":""instrumental"",""start"":151.15,""end"":159.27},{""type"":""verse"",""start"":159.27,""end"":167.34},{""type"":""bridge"",""start"":183.45,""end"":193.54},{""type"":""outro"",""start"":201.6,""end"":225.31}]"
How Beautiful You Are,The Cure,1987,1980s,Rock,314,"[{""type"":""intro"",""start"":0.22,""end"":13.53},{""type"":""verse"",""start"":53.16,""end"":66.34},{""type"":""instrumental"",""start"":92.82,""end"":106.02},{""type"":""verse"",""start"":119.21,""end"":132.32},{""type"":""bridge"",""start"":172.04,""end"":185.25},{""type"":""verse"",""start"":224.81,""end"":238.05},{""type"":""outro"",""start"":277.78,""end"":290.83}]"
Over You,Bif Naked,1995,1990s,Rock,248,"[{""type"":""intro"",""start"":3.02,""end"":9.24},{""type"":""instrumental"",""start"":9.24,""end"":15.51},{""type"":""verse"",""start"":15.51,""end"":21.76},{""type"":""verse"",""start"":40.5,""end"":46.75},{""type"":""chorus"",""start"":65.53,""end"":71.76},{""type"":""verse"",""start"":90.52,""end"":96.8},{""type"":""verse"",""start"":115.55,""end"":121.77},{""type"":""chorus"",""start"":140.52,""end"":146.77},{""type"":""bridge"",""start"":165.03,""end"":170.89},{""type"":""instrumental"",""start"":183.41,""end"":189.66},{""type"":""chorus"",""start"":189.66,""end"":195.91},{""type"":""chorus"",""start"":214.68,""end"":220.91},{""type"":""outro"",""start"":239.68,""end"":248.25}]"
Goodbye,Natalie Imbruglia,2002,2000s,Rock,301,"[{""type"":""intro"",""start"":0.12,""end"":6.31},{""type"":""verse"",""start"":6.31,""end"":18.67},{""type"":""pre-chorus"",""start"":55.53,""end"":67.8},{""type"":""chorus"",""start"":67.8,""end"":80.06},{""type"":""verse"",""start"":80.06,""end"":92.33},{""type"":""pre-chorus"",""start"":129.18,""end"":141.42},{""type"":""chorus"",""start"":141.42,""end"":153.73},{""type"":""bridge"",""start"":166.0,""end"":178.31},{""type"":""instrumental"",""start"":178.31,""end"":190.57},{""type"":""verse"",""start"":190.57,""end"":202.82},{""type"":""pre-chorus"",""start"":227.41,""end"":239.7},{""type"":""chorus"",""start"":239.7,""end"":251.97},{""type"":""chorus"",""start"":264.25,""end"":276.52},{""type"":""outro"",""start"":276.52,""end"":293.66}]"
It  s Just About Time 1,Johnny Cash,1990,1990s,Country,128,"[{""type"":""intro"",""start"":0.47,""end"":8.7},{""type"":""verse"",""start"":8.7,""end"":19.33},{""type"":""instrumental"",""start"":29.8,""end"":36.96},{""type"":""verse"",""start"":36.96,""end"":47.6},{""type"":""instrumental"",""start"":58.2,""end"":65.39},{""type"":""instrumental"",""start"":65.39,""end"":75.79},{""type"":""instrumental"",""start"":87.58,""end"":94.78},{""type"":""verse"",""start"":94.78,""end"":105.46},{""type"":""outro"",""start"":115.95,""end"":124.87}]"
The Wind,Compilations,2007,2000s,Country,282,"[{""type"":""intro"",""start"":0.0,""end"":5.71},{""type"":""verse"",""start"":19.43,""end"":26.26},{""type"":""bridge"",""start"":46.71,""end"":53.45},{""type"":""verse"",""start"":53.45,""end"":60.35},{""type"":""chorus"",""start"":73.65,""end"":80.66},{""type"":""verse"",""start"":87.2,""end"":93.99},{""type"":""chorus"",""start"":121.02,""end"":128.04},{""type"":""chorus"",""start"":131.2,""end"":138.07},{""type"":""instrumental"",""start"":144.79,""end"":171.79},{""type"":""verse"",""start"":171.79,""end"":178.54},{""type"":""verse"",""start"":185.27,""end"":191.99},{""type"":""bridge"",""start"":198.79,""end"":208.94},{""type"":""verse"",""start"":208.94,""end"":215.7},{""type"":""bridge"",""start"":236.08,""end"":242.74},{""type"":""chorus"",""start"":242.74,""end"":249.65},{""type"":""chorus"",""start"":252.9,""end"":259.76},{""type"":""chorus"",""start"":263.03,""end"":269.91},{""type"":""outro"",""start"":269.91,""end"":280.57}]"
Lips Stained Red with Wine,Compilations,2007,2000s,Country,266,"[{""type"":""intro"",""start"":0.1,""end"":12.66},{""type"":""verse"",""start"":12.66,""end"":19.81},{""type"":""chorus"",""start"":47.7,""end"":55.07},{""type"":""instrumental"",""start"":73.98,""end"":81.47},{""type"":""verse"",""start"":81.47,""end"":88.85},{""type"":""verse"",""start"":116.34,""end"":123.74},{""type"":""chorus"",""start"":151.43,""end"":158.76},{""type"":""instrumental"",""start"":177.66,""end"":185.08},{""type"":""verse"",""start"":185.08,""end"":192.61},{""type"":""chorus"",""start"":220.24,""end"":227.44},{""type"":""outro"",""start"":253.96,""end"":262.34}]"
My Higher Ground,Compilations,2007,2000s,Country,188,"[{""type"":""intro"",""start"":0.28,""end"":10.86},{""type"":""verse"",""start"":10.86,""end"":20.44},{""type"":""bridge"",""start"":39.43,""end"":44.18},{""type"":""verse"",""start"":44.18,""end"":53.72},{""type"":""bridge"",""start"":72.75,""end"":77.54},{""type"":""bridge"",""start"":77.54,""end"":87.02},{""type"":""bridge"",""start"":96.54,""end"":101.3},{""type"":""instrumental"",""start"":101.3,""end"":110.81},{""type"":""instrumental"",""start"":110.81,""end"":120.34},{""type"":""bridge"",""start"":129.87,""end"":134.61},{""type"":""verse"",""start"":134.61,""end"":144.11},{""type"":""outro"",""start"":163.18,""end"":172.71}]"
Mama  s Last Stand,Compilations,1987,1980s,Country,167,"[{""type"":""intro"",""start"":0.42,""end"":5.9},{""type"":""instrumental"",""start"":5.9,""end"":10.83},{""type"":""verse"",""start"":10.83,""end"":15.84},{""type"":""chorus"",""start"":45.05,""end"":50.03},{""type"":""bridge"",""start"":64.65,""end"":69.51},{""type"":""instrumental"",""start"":69.51,""end"":75.02},{""type"":""verse"",""start"":75.02,""end"":79.53},{""type"":""chorus"",""start"":103.84,""end"":108.7},{""type"":""chorus"",""start"":128.22,""end"":132.95},{""type"":""outro"",""start"":147.84,""end"":152.64},{""type"":""instrumental"",""start"":152.64,""end"":164.17}]"
Synergy,Compilations,1972,1970s,Country,220,"[{""type"":""verse"",""start"":0.38,""end"":16.79},{""type"":""verse"",""start"":16.79,""end"":31.32},{""type"":""chorus"",""start"":31.32,""end"":45.6},{""type"":""verse"",""start"":45.6,""end"":60.3},{""type"":""verse"",""start"":60.3,""end"":74.64},{""type"":""chorus"",""start"":74.64,""end"":88.74},{""type"":""instrumental"",""start"":88.74,""end"":103.18},{""type"":""instrumental"",""start"":103.18,""end"":117.27},{""type"":""instrumental"",""start"":117.27,""end"":131.31},{""type"":""verse"",""start"":131.31,""end"":145.75},{""type"":""verse"",""start"":145.75,""end"":160.01},{""type"":""chorus"",""start"":160.01,""end"":174.36},{""type"":""instrumental"",""start"":174.36,""end"":188.47},{""type"":""instrumental"",""start"":188.47,""end"":202.22},{""type"":""instrumental"",""start"":202.22,""end"":218.0}]"
Too Much Fun,Compilations,1981,1980s,Country,220,"[{""type"":""intro"",""start"":0.43,""end"":5.43},{""type"":""verse"",""start"":14.86,""end"":19.71},{""type"":""chorus"",""start"":29.04,""end"":33.77},{""type"":""verse"",""start"":38.54,""end"":43.09},{""type"":""chorus"",""start"":52.49,""end"":57.18},{""type"":""instrumental"",""start"":61.92,""end"":66.66},{""type"":""instrumental"",""start"":71.36,""end"":76.04},{""type"":""verse"",""start"":76.04,""end"":80.79},{""type"":""chorus"",""start"":90.08,""end"":94.91},{""type"":""verse"",""start"":99.55,""end"":104.18},{""type"":""chorus"",""start"":113.55,""end"":118.27},{""type"":""instrumental"",""start"":122.94,""end"":127.59},{""type"":""instrumental"",""start"":132.41,""end"":137.09},{""type"":""chorus"",""start"":137.09,""end"":141.79},{""type"":""instrumental"",""start"":151.19,""end"":155.95},{""type"":""instrumental"",""start"":160.6,""end"":165.4},{""type"":""instrumental"",""start"":165.4,""end"":170.07},{""type"":""instrumental"",""start"":174.74,""end"":179.43},{""type"":""chorus"",""start"":179.43,""end"":184.08},{""type"":""chorus"",""start"":193.56,""end"":198.21},{""type"":""outro"",""start"":207.77,""end"":220.14}]"
Calling My Children Home,Emmylou Harris,1992,1990s,Country,195,"[{""type"":""intro"",""start"":0.06,""end"":3.2},{""type"":""verse"",""start"":3.2,""end"":8.73},{""type"":""verse"",""start"":27.12,""end"":33.08},{""type"":""chorus"",""start"":52.96,""end"":59.43},{""type"":""verse"",""start"":84.97,""end"":90.98},{""type"":""verse"",""start"":110.63,""end"":116.9},{""type"":""chorus"",""start"":136.94,""end"":143.42}]"
Party,Nelly Furtado,2000,2000s,Pop,242,"[{""type"":""intro"",""start"":3.36,""end"":8.75},{""type"":""instrumental"",""start"":19.51,""end"":24.91},{""type"":""verse"",""start"":24.91,""end"":30.3},{""type"":""chorus"",""start"":46.46,""end"":51.85},{""type"":""intro"",""start"":57.23,""end"":62.62},{""type"":""verse"",""start"":62.62,""end"":68.01},{""type"":""chorus"",""start"":84.18,""end"":89.57},{""type"":""instrumental"",""start"":94.97,""end"":100.34},{""type"":""instrumental"",""start"":111.12,""end"":116.47},{""type"":""bridge"",""start"":116.47,""end"":121.9},{""type"":""intro"",""start"":148.85,""end"":154.22},{""type"":""verse"",""start"":154.22,""end"":159.61},{""type"":""verse"",""start"":175.78,""end"":181.16},{""type"":""chorus"",""start"":191.94,""end"":197.33},{""type"":""chorus"",""start"":202.72,""end"":208.1},{""type"":""chorus"",""start"":213.49,""end"":218.89},{""type"":""outro"",""start"":218.89,""end"":241.1}]"
One Kiss From You,Britney Spears,2000,2000s,Pop,205,"[{""type"":""intro"",""start"":0.14,""end"":10.39},{""type"":""instrumental"",""start"":10.39,""end"":20.58},{""type"":""verse"",""start"":20.58,""end"":30.85},{""type"":""chorus"",""start"":56.36,""end"":66.55},{""type"":""verse"",""start"":84.47,""end"":94.64},{""type"":""chorus"",""start"":120.18,""end"":130.38},{""type"":""instrumental"",""start"":145.7,""end"":155.92},{""type"":""chorus"",""start"":166.17,""end"":176.33},{""type"":""chorus"",""start"":186.54,""end"":196.73}]"
How Do You Do,Natasha Bedingfield,2007,2000s,Pop,223,"[{""type"":""instrumental"",""start"":5.26,""end"":9.79},{""type"":""intro"",""start"":9.79,""end"":14.31},{""type"":""instrumental"",""start"":14.31,""end"":18.84},{""type"":""verse"",""start"":18.84,""end"":23.37},{""type"":""verse"",""start"":36.95,""end"":41.47},{""type"":""verse"",""start"":55.07,""end"":59.59},{""type"":""chorus"",""start"":70.92,""end"":75.45},{""type"":""verse"",""start"":89.07,""end"":93.55},{""type"":""verse"",""start"":107.14,""end"":111.67},{""type"":""chorus"",""start"":123.0,""end"":127.52},{""type"":""bridge"",""start"":145.63,""end"":150.16},{""type"":""chorus"",""start"":167.71,""end"":172.25},{""type"":""outro"",""start"":199.4,""end"":203.96},{""type"":""outro"",""start"":208.45,""end"":213.04}]"
Stripped Part 2,Christina Aguilera,2002,2000s,Pop,46,"[{""type"":""intro"",""start"":0.2,""end"":2.99},{""type"":""verse"",""start"":2.99,""end"":6.42},{""type"":""outro"",""start"":37.25,""end"":46.42}]"
London Bridge,Compilations,2006,2000s,Pop,210,"[{""type"":""intro"",""start"":10.77,""end"":16.04},{""type"":""instrumental"",""start"":16.04,""end"":21.31},{""type"":""verse"",""start"":21.31,""end"":23.96},{""type"":""verse"",""start"":26.59,""end"":29.28},{""type"":""verse"",""start"":31.88,""end"":37.13},{""type"":""chorus"",""start"":42.37,""end"":47.7},{""type"":""instrumental"",""start"":63.58,""end"":68.8},{""type"":""verse"",""start"":68.8,""end"":74.06},{""type"":""verse"",""start"":79.33,""end"":84.61},{""type"":""chorus"",""start"":89.88,""end"":95.16},{""type"":""bridge"",""start"":110.98,""end"":116.25},{""type"":""intro"",""start"":132.08,""end"":137.36},{""type"":""instrumental"",""start"":137.36,""end"":142.64},{""type"":""verse"",""start"":142.64,""end"":147.91},{""type"":""chorus"",""start"":163.73,""end"":169.02},{""type"":""outro"",""start"":184.84,""end"":190.1}]"
Crazy Little Thing Called Love,Rihanna,2006,2000s,Pop,203,"[{""type"":""intro"",""start"":1.7,""end"":14.05},{""type"":""verse"",""start"":14.05,""end"":26.08},{""type"":""chorus"",""start"":56.04,""end"":68.0},{""type"":""verse"",""start"":68.0,""end"":80.01},{""type"":""chorus"",""start"":110.01,""end"":122.01},{""type"":""verse"",""start"":122.01,""end"":134.12},{""type"":""chorus"",""start"":164.04,""end"":176.02},{""type"":""outro"",""start"":176.02,""end"":187.96},{""type"":""outro"",""start"":187.96,""end"":201.39}]"
Feed Me,Tricky,1995,1990s,Electronic,243,"[{""type"":""intro"",""start"":0.0,""end"":2.52},{""type"":""intro"",""start"":2.52,""end"":14.01},{""type"":""chorus"",""start"":25.22,""end"":36.35},{""type"":""bridge"",""start"":47.5,""end"":58.7},{""type"":""chorus"",""start"":58.7,""end"":69.85},{""type"":""bridge"",""start"":81.05,""end"":92.15},{""type"":""verse"",""start"":92.15,""end"":103.27},{""type"":""bridge"",""start"":114.5,""end"":125.69},{""type"":""verse"",""start"":125.69,""end"":136.71},{""type"":""instrumental"",""start"":148.03,""end"":165.21},{""type"":""verse"",""start"":165.21,""end"":175.86},{""type"":""instrumental"",""start"":198.19,""end"":209.31},{""type"":""outro"",""start"":220.58,""end"":240.88}]"
Nova,Amon Tobin,1998,1990s,Electronic,282,"[{""type"":""intro"",""start"":0.05,""end"":11.98},{""type"":""instrumental"",""start"":166.08,""end"":177.92},{""type"":""bridge"",""start"":201.63,""end"":213.5},{""type"":""instrumental"",""start"":213.5,""end"":225.32},{""type"":""outro"",""start"":272.79,""end"":280.86}]"
Glass Museum,Tortoise,1996,1990s,Electronic,327,"[{""type"":""chorus"",""start"":0.3,""end"":6.64},{""type"":""verse"",""start"":73.81,""end"":79.46},{""type"":""outro"",""start"":95.88,""end"":101.36},{""type"":""instrumental"",""start"":123.91,""end"":128.97},{""type"":""chorus"",""start"":160.12,""end"":166.82},{""type"":""instrumental"",""start"":184.62,""end"":186.85},{""type"":""instrumental"",""start"":186.85,""end"":191.47},{""type"":""instrumental"",""start"":199.17,""end"":203.57},{""type"":""chorus"",""start"":272.06,""end"":278.44},{""type"":""instrumental"",""start"":314.26,""end"":324.15}]"
Piku,The Chemical Brothers,1997,1990s,Electronic,295,"[{""type"":""intro"",""start"":0.02,""end"":31.45},{""type"":""instrumental"",""start"":49.73,""end"":59.06},{""type"":""instrumental"",""start"":87.02,""end"":96.36},{""type"":""instrumental"",""start"":105.63,""end"":114.98},{""type"":""instrumental"",""start"":133.58,""end"":142.98},{""type"":""instrumental"",""start"":142.98,""end"":152.27},{""type"":""bridge"",""start"":152.27,""end"":161.58},{""type"":""instrumental"",""start"":161.58,""end"":170.93},{""type"":""bridge"",""start"":208.17,""end"":217.5},{""type"":""instrumental"",""start"":245.5,""end"":254.8},{""type"":""outro"",""start"":264.1,""end"":273.46},{""type"":""instrumental"",""start"":282.81,""end"":295.06}]"
Annie  s Parlor,Kid Koala,2003,2000s,Electronic,243,"[{""type"":""intro"",""start"":0.26,""end"":4.78},{""type"":""instrumental"",""start"":23.25,""end"":29.47},{""type"":""instrumental"",""start"":47.97,""end"":54.11},{""type"":""instrumental"",""start"":66.5,""end"":72.68},{""type"":""instrumental"",""start"":122.0,""end"":128.14},{""type"":""instrumental"",""start"":196.02,""end"":202.15},{""type"":""outro"",""start"":214.48,""end"":220.65},{""type"":""instrumental"",""start"":232.97,""end"":242.83}]"
Neighbors,Gnarls Barkley,2008,2000s,Electronic,185,"[{""type"":""intro"",""start"":0.16,""end"":15.71},{""type"":""chorus"",""start"":15.71,""end"":26.01},{""type"":""chorus"",""start"":31.24,""end"":41.51},{""type"":""verse"",""start"":51.86,""end"":62.15},{""type"":""bridge"",""start"":67.3,""end"":77.65},{""type"":""bridge"",""start"":88.01,""end"":98.25},{""type"":""chorus"",""start"":98.25,""end"":108.61},{""type"":""chorus"",""start"":113.74,""end"":124.09},{""type"":""verse"",""start"":134.44,""end"":144.74},{""type"":""bridge"",""start"":149.86,""end"":160.21},{""type"":""outro"",""start"":170.52,""end"":183.51}]"
National Movie Review,Deltron,2000,2000s,Hip-Hop,55,"[{""type"":""intro"",""start"":6.8,""end"":18.0},{""type"":""verse"",""start"":18.0,""end"":22.52},{""type"":""instrumental"",""start"":31.56,""end"":36.16},{""type"":""verse"",""start"":36.16,""end"":40.74},{""type"":""outro"",""start"":45.3,""end"":49.89}]"
Get Low,Compilations,2004,2000s,Hip-Hop,334,"[{""type"":""intro"",""start"":0.16,""end"":5.83},{""type"":""chorus"",""start"":20.03,""end"":24.81},{""type"":""verse"",""start"":48.58,""end"":53.29},{""type"":""chorus"",""start"":96.08,""end"":100.85},{""type"":""bridge"",""start"":124.59,""end"":129.39},{""type"":""chorus"",""start"":162.65,""end"":167.38},{""type"":""verse"",""start"":191.12,""end"":195.88},{""type"":""chorus"",""start"":229.18,""end"":233.89},{""type"":""bridge"",""start"":257.71,""end"":262.43},{""type"":""chorus"",""start"":286.22,""end"":291.0},{""type"":""outro"",""start"":314.76,""end"":319.54}]"
Fu Gee La,The Fugees,1996,1990s,Hip-Hop,260,"[{""type"":""intro"",""start"":0.0,""end"":10.7},{""type"":""verse"",""start"":10.7,""end"":21.41},{""type"":""chorus"",""start"":64.11,""end"":74.76},{""type"":""verse"",""start"":85.45,""end"":96.13},{""type"":""chorus"",""start"":128.16,""end"":138.79},{""type"":""verse"",""start"":149.48,""end"":160.1},{""type"":""chorus"",""start"":192.17,""end"":202.83},{""type"":""chorus"",""start"":213.49,""end"":224.16},{""type"":""outro"",""start"":234.82,""end"":245.41},{""type"":""outro"",""start"":245.41,""end"":260.03}]"
Vivrant Thing,A Tribe Called Quest,1999,1990s,Hip-Hop,190,"[{""type"":""intro"",""start"":0.28,""end"":10.1},{""type"":""verse"",""start"":19.74,""end"":29.42},{""type"":""chorus"",""start"":39.14,""end"":48.87},{""type"":""verse"",""start"":48.87,""end"":58.51},{""type"":""verse"",""start"":63.46,""end"":73.13},{""type"":""chorus"",""start"":73.13,""end"":82.84},{""type"":""bridge"",""start"":82.84,""end"":92.5},{""type"":""verse"",""start"":102.16,""end"":111.93},{""type"":""verse"",""start"":111.93,""end"":121.68},{""type"":""chorus"",""start"":140.96,""end"":150.68},{""type"":""chorus"",""start"":150.68,""end"":160.35},{""type"":""outro"",""start"":160.35,""end"":165.25},{""type"":""instrumental"",""start"":184.63,""end"":190.69}]"
I,Public Enemy,1999,1990s,Hip-Hop,268,"[{""type"":""intro"",""start"":0.01,""end"":5.36},{""type"":""verse"",""start"":16.12,""end"":26.88},{""type"":""chorus"",""start"":69.94,""end"":80.63},{""type"":""verse"",""start"":91.43,""end"":102.18},{""type"":""chorus"",""start"":156.0,""end"":166.66},{""type"":""verse"",""start"":177.37,""end"":188.21},{""type"":""outro"",""start"":236.5,""end"":247.33}]"
The Dusty Foot Philosopher,K  naan,2005,2000s,Hip-Hop,238,"[{""type"":""intro"",""start"":0.16,""end"":2.86},{""type"":""verse"",""start"":10.72,""end"":13.3},{""type"":""verse"",""start"":21.29,""end"":23.85},{""type"":""verse"",""start"":31.66,""end"":34.33},{""type"":""verse"",""start"":42.2,""end"":44.78},{""type"":""chorus"",""start"":52.7,""end"":55.28},{""type"":""verse"",""start"":63.14,""end"":65.84},{""type"":""verse"",""start"":73.62,""end"":76.22},{""type"":""verse"",""start"":84.1,""end"":86.71},{""type"":""verse"",""start"":94.69,""end"":97.22},{""type"":""chorus"",""start"":105.09,""end"":107.73},{""type"":""chorus"",""start"":115.59,""end"":118.26},{""type"":""verse"",""start"":126.17,""end"":128.76},{""type"":""verse"",""start"":136.62,""end"":139.29},{""type"":""verse"",""start"":147.01,""end"":149.68},{""type"":""verse"",""start"":157.58,""end"":160.13},{""type"":""chorus"",""start"":168.06,""end"":170.66},{""type"":""chorus"",""start"":178.57,""end"":181.21},{""type"":""outro"",""start"":199.56,""end"":202.19},{""type"":""outro"",""start"":210.01,""end"":212.36}]"
I Gotcha Back,GZA,2002,2000s,Hip-Hop,301,"[{""type"":""intro"",""start"":0.35,""end"":5.8},{""type"":""chorus"",""start"":11.22,""end"":16.48},{""type"":""chorus"",""start"":16.48,""end"":21.85},{""type"":""verse"",""start"":21.85,""end"":27.32},{""type"":""chorus"",""start"":113.52,""end"":118.99},{""type"":""chorus"",""start"":140.48,""end"":145.82},{""type"":""outro"",""start"":237.42,""end"":244.09}]"
Le Ou Marye,Wyclef Jean,2004,2000s,Hip-Hop,330,"[{""type"":""intro"",""start"":0.03,""end"":4.39},{""type"":""intro"",""start"":4.39,""end"":13.61},{""type"":""verse"",""start"":31.79,""end"":43.23},{""type"":""chorus"",""start"":79.85,""end"":88.97},{""type"":""verse"",""start"":98.12,""end"":107.24},{""type"":""chorus"",""start"":143.84,""end"":152.98},{""type"":""bridge"",""start"":162.12,""end"":171.19},{""type"":""chorus"",""start"":180.44,""end"":189.54},{""type"":""verse"",""start"":216.98,""end"":226.11},{""type"":""outro"",""start"":290.12,""end"":299.25},{""type"":""outro"",""start"":317.52,""end"":330.1}]"
Glow Worm Cha Cha Cha,Compilations,1996,1990s,Pop,143,"[{""type"":""intro"",""start"":0.39,""end"":7.26},{""type"":""instrumental"",""start"":7.26,""end"":14.03},{""type"":""instrumental"",""start"":34.25,""end"":41.08},{""type"":""instrumental"",""start"":61.24,""end"":68.02},{""type"":""instrumental"",""start"":68.02,""end"":74.72},{""type"":""instrumental"",""start"":81.19,""end"":87.8},{""type"":""instrumental"",""start"":107.6,""end"":114.31},{""type"":""outro"",""start"":134.33,""end"":140.83}]"
Crane White Lightning,Compilations,2003,2000s,Pop,97,"[{""type"":""intro"",""start"":0.23,""end"":9.0},{""type"":""instrumental"",""start"":39.11,""end"":51.1},{""type"":""instrumental"",""start"":84.07,""end"":96.23}]"
Go Slow,Compilations,1996,1990s,Pop,135,"[{""type"":""intro"",""start"":0.37,""end"":9.49},{""type"":""instrumental"",""start"":9.49,""end"":23.34},{""type"":""instrumental"",""start"":36.88,""end"":50.34},{""type"":""bridge"",""start"":63.72,""end"":77.27},{""type"":""instrumental"",""start"":90.83,""end"":104.34},{""type"":""outro"",""start"":117.82,""end"":132.73}]"
Sally And Jack,Compilations,2007,2000s,Pop,86,"[{""type"":""intro"",""start"":0.7,""end"":6.47},{""type"":""instrumental"",""start"":17.16,""end"":25.44},{""type"":""instrumental"",""start"":33.78,""end"":42.14},{""type"":""bridge"",""start"":50.72,""end"":61.87},{""type"":""instrumental"",""start"":61.87,""end"":70.14},{""type"":""outro"",""start"":70.14,""end"":83.3}]"
Cartoons,Kristin Hersh,1998,1990s,Folk,81,"[{""type"":""verse"",""start"":0.4,""end"":11.83},{""type"":""verse"",""start"":21.22,""end"":32.09},{""type"":""chorus"",""start"":42.36,""end"":50.09},{""type"":""chorus"",""start"":56.84,""end"":64.89}]"
Modern Love,Compilations,2007,2000s,Folk,266,"[{""type"":""intro"",""start"":0.09,""end"":12.5},{""type"":""verse"",""start"":12.5,""end"":32.96},{""type"":""verse"",""start"":45.33,""end"":69.89},{""type"":""chorus"",""start"":82.22,""end"":98.62},{""type"":""instrumental"",""start"":131.45,""end"":156.0},{""type"":""verse"",""start"":168.37,""end"":192.9},{""type"":""chorus"",""start"":205.27,""end"":221.66}]"
Stillborn,Priya Thomas,1996,1990s,Folk,257,"[{""type"":""intro"",""start"":0.44,""end"":21.53},{""type"":""intro"",""start"":21.53,""end"":25.4},{""type"":""instrumental"",""start"":32.91,""end"":38.74},{""type"":""verse"",""start"":38.74,""end"":42.58},{""type"":""verse"",""start"":53.9,""end"":57.72},{""type"":""instrumental"",""start"":69.19,""end"":74.79},{""type"":""intro"",""start"":74.79,""end"":78.64},{""type"":""instrumental"",""start"":86.28,""end"":90.11},{""type"":""verse"",""start"":90.11,""end"":93.94},{""type"":""instrumental"",""start"":120.56,""end"":124.41},{""type"":""pre-chorus"",""start"":130.0,""end"":133.81},{""type"":""instrumental"",""start"":156.33,""end"":160.11},{""type"":""chorus"",""start"":160.11,""end"":163.82},{""type"":""chorus"",""start"":174.87,""end"":178.61},{""type"":""instrumental"",""start"":189.82,""end"":193.56},{""type"":""bridge"",""start"":193.56,""end"":197.28},{""type"":""outro"",""start"":221.7,""end"":225.57},{""type"":""instrumental"",""start"":248.27,""end"":256.72}]"
Subcity,Tracy Chapman,2001,2000s,Folk,312,"[{""type"":""intro"",""start"":0.53,""end"":4.27},{""type"":""instrumental"",""start"":11.59,""end"":15.22},{""type"":""verse"",""start"":15.22,""end"":18.82},{""type"":""chorus"",""start"":44.1,""end"":47.72},{""type"":""verse"",""start"":72.81,""end"":76.45},{""type"":""chorus"",""start"":97.85,""end"":101.47},{""type"":""verse"",""start"":126.64,""end"":130.26},{""type"":""chorus"",""start"":148.15,""end"":151.78},{""type"":""verse"",""start"":176.91,""end"":180.55},{""type"":""chorus"",""start"":196.68,""end"":200.24},{""type"":""verse"",""start"":225.31,""end"":228.86},{""type"":""chorus"",""start"":245.08,""end"":248.69},{""type"":""outro"",""start"":273.78,""end"":277.42}]"
Gospel Train   Orchestral  ,Tom Waits,1993,1990s,Folk,153,"[{""type"":""instrumental"",""start"":73.32,""end"":79.47},{""type"":""instrumental"",""start"":120.23,""end"":133.69},{""type"":""outro"",""start"":141.47,""end"":152.89}]"
COWBOY GROOVE,JEAN LECLERC,2006,2000s,Folk,146,"[{""type"":""intro"",""start"":0.05,""end"":8.43},{""type"":""instrumental"",""start"":27.18,""end"":35.52},{""type"":""instrumental"",""start"":93.92,""end"":102.28},{""type"":""instrumental"",""start"":123.27,""end"":127.34}]"
Country Pie,Bob Dylan,1969,1960s,Folk,97,"[{""type"":""intro"",""start"":0.42,""end"":5.33},{""type"":""instrumental"",""start"":5.33,""end"":10.24},{""type"":""intro"",""start"":10.24,""end"":15.04},{""type"":""instrumental"",""start"":15.04,""end"":19.85},{""type"":""verse"",""start"":19.85,""end"":24.71},{""type"":""verse"",""start"":29.52,""end"":34.35},{""type"":""bridge"",""start"":39.16,""end"":44.04},{""type"":""verse"",""start"":48.94,""end"":53.79},{""type"":""instrumental"",""start"":58.59,""end"":63.36},{""type"":""instrumental"",""start"":63.36,""end"":68.19},{""type"":""bridge"",""start"":68.19,""end"":73.12},{""type"":""verse"",""start"":78.03,""end"":82.88},{""type"":""instrumental"",""start"":86.49,""end"":88.96},{""type"":""outro"",""start"":88.96,""end"":94.99}]"
Singing To The Birds,Lisa Germano,1996,1990s,Folk,265,"[{""type"":""intro"",""start"":0.46,""end"":10.91},{""type"":""verse"",""start"":19.26,""end"":25.5},{""type"":""verse"",""start"":40.01,""end"":46.21},{""type"":""pre-chorus"",""start"":58.45,""end"":66.64},{""type"":""chorus"",""start"":66.64,""end"":74.9},{""type"":""verse"",""start"":89.09,""end"":95.34},{""type"":""verse"",""start"":109.64,""end"":115.82},{""type"":""pre-chorus"",""start"":115.82,""end"":123.97},{""type"":""chorus"",""start"":123.97,""end"":132.09},{""type"":""bridge"",""start"":134.15,""end"":142.37},{""type"":""verse"",""start"":156.53,""end"":162.56},{""type"":""intro"",""start"":186.96,""end"":194.95},{""type"":""instrumental"",""start"":194.95,""end"":207.07},{""type"":""chorus"",""start"":207.07,""end"":215.13},{""type"":""bridge"",""start"":219.16,""end"":227.17},{""type"":""bridge"",""start"":235.27,""end"":243.31},{""type"":""outro"",""start"":251.34,""end"":264.25}]"
Ruby II,Amy Millan,2006,2000s,Folk,106,"[{""type"":""chorus"",""start"":3.65,""end"":7.18},{""type"":""instrumental"",""start"":20.98,""end"":23.81},{""type"":""verse"",""start"":23.81,""end"":26.97},{""type"":""instrumental"",""start"":40.0,""end"":43.57},{""type"":""instrumental"",""start"":57.21,""end"":59.65},{""type"":""verse"",""start"":59.65,""end"":63.32},{""type"":""chorus"",""start"":79.73,""end"":83.26},{""type"":""outro"",""start"":97.24,""end"":104.86}]"
Nationalite ,Tiken Jah Fakoly,2002,2000s,Reggae,331,"[{""type"":""intro"",""start"":0.32,""end"":7.42},{""type"":""instrumental"",""start"":13.55,""end"":19.56},{""type"":""instrumental"",""start"":25.66,""end"":31.69},{""type"":""chorus"",""start"":31.69,""end"":37.74},{""type"":""verse"",""start"":55.83,""end"":61.88},{""type"":""chorus"",""start"":103.96,""end"":110.04},{""type"":""verse"",""start"":116.1,""end"":122.1},{""type"":""chorus"",""start"":164.23,""end"":170.11},{""type"":""bridge"",""start"":182.25,""end"":188.21},{""type"":""instrumental"",""start"":188.21,""end"":194.22},{""type"":""verse"",""start"":194.22,""end"":200.07},{""type"":""chorus"",""start"":236.09,""end"":242.04},{""type"":""bridge"",""start"":277.99,""end"":283.96},{""type"":""outro"",""start"":301.85,""end"":307.88},{""type"":""outro"",""start"":314.05,""end"":328.63}]"
Rise    Shine,Bunny Wailer,2003,2000s,Reggae,320,"[{""type"":""intro"",""start"":0.37,""end"":4.77},{""type"":""instrumental"",""start"":57.03,""end"":60.48},{""type"":""instrumental"",""start"":81.46,""end"":84.89},{""type"":""verse"",""start"":84.89,""end"":88.4},{""type"":""chorus"",""start"":112.54,""end"":115.99},{""type"":""instrumental"",""start"":140.13,""end"":143.61},{""type"":""instrumental"",""start"":164.22,""end"":167.66},{""type"":""verse"",""start"":167.66,""end"":171.15},{""type"":""chorus"",""start"":195.21,""end"":198.67},{""type"":""instrumental"",""start"":222.55,""end"":225.99},{""type"":""instrumental"",""start"":246.34,""end"":249.68},{""type"":""verse"",""start"":249.68,""end"":253.09},{""type"":""chorus"",""start"":276.64,""end"":280.03},{""type"":""outro"",""start"":303.7,""end"":307.1}]"
Refuge,Matisyahu,2006,2000s,Reggae,242,"[{""type"":""intro"",""start"":12.09,""end"":18.08},{""type"":""verse"",""start"":60.29,""end"":66.41},{""type"":""verse"",""start"":99.31,""end"":105.22},{""type"":""chorus"",""start"":122.87,""end"":128.82},{""type"":""instrumental"",""start"":207.51,""end"":213.25},{""type"":""outro"",""start"":213.25,""end"":218.98}]"
Alarm   Remix  ,Jessy Moss,2005,2000s,Reggae,187,"[{""type"":""intro"",""start"":0.44,""end"":6.17},{""type"":""verse"",""start"":17.51,""end"":23.24},{""type"":""chorus"",""start"":40.44,""end"":46.07},{""type"":""chorus"",""start"":63.1,""end"":68.8},{""type"":""verse"",""start"":68.8,""end"":74.46},{""type"":""chorus"",""start"":91.58,""end"":97.31},{""type"":""instrumental"",""start"":114.35,""end"":120.03},{""type"":""verse"",""start"":125.64,""end"":131.42},{""type"":""chorus"",""start"":137.07,""end"":142.86},{""type"":""outro"",""start"":148.45,""end"":154.21}]"
Bogle,Compilations,1993,1990s,Reggae,176,"[{""type"":""intro"",""start"":0.12,""end"":5.71},{""type"":""chorus"",""start"":10.44,""end"":15.2},{""type"":""verse"",""start"":29.51,""end"":34.24},{""type"":""chorus"",""start"":53.27,""end"":58.04},{""type"":""verse"",""start"":72.34,""end"":77.13},{""type"":""chorus"",""start"":100.88,""end"":105.67},{""type"":""verse"",""start"":119.93,""end"":124.69},{""type"":""outro"",""start"":143.75,""end"":148.48},{""type"":""outro"",""start"":167.57,""end"":176.85}]"
My Conversation,Compilations,1993,1990s,Reggae,219,"[{""type"":""intro"",""start"":0.2,""end"":7.11},{""type"":""instrumental"",""start"":7.11,""end"":12.91},{""type"":""verse"",""start"":24.53,""end"":30.39},{""type"":""pre-chorus"",""start"":47.71,""end"":53.47},{""type"":""chorus"",""start"":70.6,""end"":76.32},{""type"":""verse"",""start"":81.99,""end"":87.66},{""type"":""pre-chorus"",""start"":104.89,""end"":110.6},{""type"":""instrumental"",""start"":127.68,""end"":133.38},{""type"":""instrumental"",""start"":133.38,""end"":138.91},{""type"":""verse"",""start"":138.91,""end"":144.49},{""type"":""pre-chorus"",""start"":161.73,""end"":167.42},{""type"":""chorus"",""start"":184.49,""end"":190.13},{""type"":""outro"",""start"":195.85,""end"":201.47},{""type"":""outro"",""start"":212.6,""end"":218.54}]"
Hol   a Fresh,Compilations,1993,1990s,Reggae,236,"[{""type"":""intro"",""start"":0.0,""end"":1.61},{""type"":""intro"",""start"":1.61,""end"":7.82},{""type"":""verse"",""start"":13.97,""end"":20.03},{""type"":""chorus"",""start"":50.65,""end"":56.76},{""type"":""bridge"",""start"":93.46,""end"":99.54},{""type"":""verse"",""start"":117.92,""end"":124.04},{""type"":""chorus"",""start"":154.69,""end"":160.78},{""type"":""bridge"",""start"":197.51,""end"":203.65},{""type"":""outro"",""start"":222.02,""end"":228.13}]"
Dieu se pique,Les Vulgaires Machins,2002,2000s,Rock,158,"[{""type"":""intro"",""start"":0.21,""end"":3.16},{""type"":""intro"",""start"":19.66,""end"":22.34},{""type"":""instrumental"",""start"":27.82,""end"":30.63},{""type"":""verse"",""start"":30.63,""end"":33.38},{""type"":""verse"",""start"":41.55,""end"":44.29},{""type"":""chorus"",""start"":52.61,""end"":55.51},{""type"":""instrumental"",""start"":63.62,""end"":69.22},{""type"":""instrumental"",""start"":69.22,""end"":71.88},{""type"":""instrumental"",""start"":77.37,""end"":80.16},{""type"":""verse"",""start"":80.16,""end"":82.92},{""type"":""verse"",""start"":91.22,""end"":93.94},{""type"":""chorus"",""start"":102.28,""end"":105.06},{""type"":""instrumental"",""start"":113.33,""end"":116.2},{""type"":""instrumental"",""start"":116.2,""end"":119.11},{""type"":""instrumental"",""start"":139.19,""end"":141.87},{""type"":""chorus"",""start"":141.87,""end"":144.38},{""type"":""outro"",""start"":152.79,""end"":155.19}]"
The Great Below,Nine Inch Nails,1999,1990s,Rock,317,"[{""type"":""intro"",""start"":0.02,""end"":1.56},{""type"":""instrumental"",""start"":1.56,""end"":4.16},{""type"":""verse"",""start"":43.31,""end"":45.98},{""type"":""instrumental"",""start"":85.14,""end"":87.71},{""type"":""verse"",""start"":105.96,""end"":108.55},{""type"":""chorus"",""start"":126.85,""end"":129.47},{""type"":""instrumental"",""start"":189.45,""end"":192.04},{""type"":""instrumental"",""start"":207.63,""end"":210.31},{""type"":""verse"",""start"":210.31,""end"":212.92},{""type"":""outro"",""start"":252.01,""end"":254.63},{""type"":""instrumental"",""start"":288.55,""end"":291.14},{""type"":""outro"",""start"":293.78,""end"":296.4},{""type"":""instrumental"",""start"":309.37,""end"":310.98}]"
New Millenium Homes,Rage Against The Machine,1999,1990s,Rock,224,"[{""type"":""intro"",""start"":0.0,""end"":10.33},{""type"":""instrumental"",""start"":20.14,""end"":31.34},{""type"":""verse"",""start"":31.34,""end"":41.63},{""type"":""pre-chorus"",""start"":72.62,""end"":83.09},{""type"":""chorus"",""start"":93.57,""end"":104.97},{""type"":""verse"",""start"":113.91,""end"":124.04},{""type"":""pre-chorus"",""start"":154.72,""end"":165.31},{""type"":""instrumental"",""start"":187.29,""end"":195.93},{""type"":""chorus"",""start"":195.93,""end"":204.69}]"
Bailey  s Walk,The Pixies,2001,2000s,Rock,143,"[{""type"":""intro"",""start"":0.55,""end"":6.79},{""type"":""intro"",""start"":6.79,""end"":15.63},{""type"":""verse"",""start"":29.07,""end"":40.87},{""type"":""instrumental"",""start"":64.43,""end"":71.44},{""type"":""intro"",""start"":71.44,""end"":83.29},{""type"":""verse"",""start"":110.95,""end"":122.61}]"
   o    ,The Zoobombs,2006,2000s,Rock,184,"[{""type"":""intro"",""start"":0.02,""end"":3.68},{""type"":""instrumental"",""start"":10.36,""end"":13.57},{""type"":""verse"",""start"":13.57,""end"":16.89},{""type"":""instrumental"",""start"":26.82,""end"":30.1},{""type"":""instrumental"",""start"":30.1,""end"":33.37},{""type"":""verse"",""start"":33.37,""end"":36.68},{""type"":""bridge"",""start"":46.63,""end"":49.88},{""type"":""verse"",""start"":53.2,""end"":56.44},{""type"":""instrumental"",""start"":59.7,""end"":62.97},{""type"":""instrumental"",""start"":69.45,""end"":72.67},{""type"":""verse"",""start"":72.67,""end"":75.97},{""type"":""instrumental"",""start"":79.27,""end"":82.51},{""type"":""instrumental"",""start"":82.51,""end"":85.7},{""type"":""verse"",""start"":85.7,""end"":89.08},{""type"":""bridge"",""start"":98.94,""end"":105.43},{""type"":""instrumental"",""start"":111.85,""end"":137.89},{""type"":""verse"",""start"":137.89,""end"":141.06},{""type"":""outro"",""start"":150.69,""end"":153.86},{""type"":""instrumental"",""start"":157.07,""end"":160.3}]"
My Immortal,Evanescence,2003,2000s,Rock,264,"[{""type"":""intro"",""start"":0.46,""end"":7.53},{""type"":""instrumental"",""start"":7.53,""end"":14.31},{""type"":""verse"",""start"":14.31,""end"":21.08},{""type"":""pre-chorus"",""start"":41.39,""end"":47.83},{""type"":""chorus"",""start"":54.1,""end"":60.38},{""type"":""intro"",""start"":82.33,""end"":89.13},{""type"":""instrumental"",""start"":89.13,""end"":95.8},{""type"":""verse"",""start"":95.8,""end"":102.49},{""type"":""pre-chorus"",""start"":122.5,""end"":128.98},{""type"":""chorus"",""start"":135.19,""end"":141.33},{""type"":""bridge"",""start"":163.07,""end"":174.9},{""type"":""instrumental"",""start"":186.75,""end"":192.81},{""type"":""instrumental"",""start"":192.81,""end"":198.72},{""type"":""chorus"",""start"":198.72,""end"":204.79},{""type"":""outro"",""start"":226.54,""end"":233.31}]"
Virginia Moon,Foo Fighters,2005,2000s,Rock,229,"[{""type"":""intro"",""start"":0.28,""end"":8.78},{""type"":""verse"",""start"":8.78,""end"":16.36},{""type"":""chorus"",""start"":69.74,""end"":77.37},{""type"":""verse"",""start"":92.74,""end"":100.3},{""type"":""chorus"",""start"":123.25,""end"":130.85},{""type"":""instrumental"",""start"":146.18,""end"":153.81},{""type"":""instrumental"",""start"":161.41,""end"":169.01},{""type"":""chorus"",""start"":176.68,""end"":184.26},{""type"":""outro"",""start"":199.59,""end"":207.23}]"
Free Four,Pink Floyd,1972,1970s,Rock,256,"[{""type"":""intro"",""start"":2.58,""end"":6.55},{""type"":""instrumental"",""start"":14.44,""end"":18.35},{""type"":""verse"",""start"":18.35,""end"":22.29},{""type"":""verse"",""start"":41.76,""end"":45.59},{""type"":""instrumental"",""start"":61.01,""end"":64.92},{""type"":""verse"",""start"":64.92,""end"":68.85},{""type"":""instrumental"",""start"":88.26,""end"":92.17},{""type"":""intro"",""start"":103.76,""end"":107.67},{""type"":""verse"",""start"":111.52,""end"":115.41},{""type"":""verse"",""start"":134.7,""end"":138.51},{""type"":""verse"",""start"":157.75,""end"":161.59},{""type"":""instrumental"",""start"":180.72,""end"":184.59},{""type"":""outro"",""start"":226.93,""end"":251.99}]"
The Spy,The Doors,1970,1970s,Rock,257,"[{""type"":""intro"",""start"":0.16,""end"":2.45},{""type"":""verse"",""start"":23.5,""end"":26.49},{""type"":""chorus"",""start"":59.29,""end"":62.33},{""type"":""verse"",""start"":68.36,""end"":71.39},{""type"":""chorus"",""start"":104.29,""end"":107.28},{""type"":""verse"",""start"":137.56,""end"":140.71},{""type"":""chorus"",""start"":174.2,""end"":177.29},{""type"":""verse"",""start"":202.79,""end"":205.87},{""type"":""instrumental"",""start"":211.93,""end"":214.87},{""type"":""outro"",""start"":238.85,""end"":241.93},{""type"":""instrumental"",""start"":245.0,""end"":251.84}]"
Summertime   Into Shantung Cabbage  ,Ten Years After,1968,1960s,Rock,359,"[{""type"":""intro"",""start"":16.2,""end"":21.75},{""type"":""instrumental"",""start"":21.75,""end"":32.1},{""type"":""instrumental"",""start"":52.74,""end"":63.27},{""type"":""instrumental"",""start"":68.31,""end"":73.91},{""type"":""instrumental"",""start"":90.3,""end"":95.68},{""type"":""instrumental"",""start"":95.68,""end"":100.91},{""type"":""instrumental"",""start"":317.21,""end"":320.95},{""type"":""outro"",""start"":320.95,""end"":325.01},{""type"":""instrumental"",""start"":330.12,""end"":340.15}]"
Prodigal Man,Johnny Winter,1970,1970s,Rock,258,"[{""type"":""intro"",""start"":0.51,""end"":8.72},{""type"":""instrumental"",""start"":8.72,""end"":16.86},{""type"":""verse"",""start"":16.86,""end"":25.06},{""type"":""pre-chorus"",""start"":33.1,""end"":41.18},{""type"":""chorus"",""start"":49.27,""end"":57.48},{""type"":""bridge"",""start"":69.74,""end"":77.83},{""type"":""verse"",""start"":77.83,""end"":85.94},{""type"":""pre-chorus"",""start"":94.06,""end"":102.25},{""type"":""chorus"",""start"":110.23,""end"":118.4},{""type"":""instrumental"",""start"":146.93,""end"":154.99},{""type"":""instrumental"",""start"":163.18,""end"":171.46},{""type"":""bridge"",""start"":183.57,""end"":191.76},{""type"":""verse"",""start"":191.76,""end"":199.95},{""type"":""pre-chorus"",""start"":208.16,""end"":216.42},{""type"":""chorus"",""start"":224.47,""end"":232.76}]"
It  s All Over Now Baby Blue,Van Morrison,1966,1960s,Rock,231,"[{""type"":""intro"",""start"":0.26,""end"":9.96},{""type"":""verse"",""start"":18.82,""end"":27.71},{""type"":""pre-chorus"",""start"":36.46,""end"":45.07},{""type"":""chorus"",""start"":53.72,""end"":62.31},{""type"":""verse"",""start"":71.04,""end"":79.75},{""type"":""pre-chorus"",""start"":88.16,""end"":96.74},{""type"":""chorus"",""start"":105.42,""end"":113.79},{""type"":""instrumental"",""start"":122.37,""end"":135.01},{""type"":""verse"",""start"":135.01,""end"":143.46},{""type"":""pre-chorus"",""start"":151.9,""end"":160.32},{""type"":""chorus"",""start"":168.79,""end"":177.12},{""type"":""outro"",""start"":185.6,""end"":194.06},{""type"":""outro"",""start"":219.06,""end"":227.18}]"
The Loner,Neil Young,1969,1960s,Rock,233,"[{""type"":""intro"",""start"":0.51,""end"":5.41},{""type"":""instrumental"",""start"":5.41,""end"":10.06},{""type"":""verse"",""start"":10.06,""end"":14.75},{""type"":""chorus"",""start"":37.85,""end"":42.4},{""type"":""bridge"",""start"":56.12,""end"":60.7},{""type"":""instrumental"",""start"":60.7,""end"":65.23},{""type"":""verse"",""start"":65.23,""end"":69.8},{""type"":""chorus"",""start"":92.46,""end"":97.06},{""type"":""instrumental"",""start"":110.6,""end"":115.17},{""type"":""instrumental"",""start"":115.17,""end"":119.61},{""type"":""instrumental"",""start"":128.55,""end"":132.96},{""type"":""verse"",""start"":137.44,""end"":141.94},{""type"":""chorus"",""start"":164.38,""end"":168.86},{""type"":""instrumental"",""start"":182.3,""end"":186.81},{""type"":""instrumental"",""start"":186.81,""end"":191.17},{""type"":""instrumental"",""start"":200.04,""end"":204.41},{""type"":""outro"",""start"":208.79,""end"":213.16},{""type"":""instrumental"",""start"":213.16,""end"":217.48},{""type"":""instrumental"",""start"":226.22,""end"":228.46}]"
Run   Rabbit   Run,Compilations,2003,2000s,Metal,181,"[{""type"":""verse"",""start"":12.24,""end"":21.42},{""type"":""instrumental"",""start"":63.31,""end"":72.48},{""type"":""chorus"",""start"":86.28,""end"":95.52},{""type"":""chorus"",""start"":104.78,""end"":114.19},{""type"":""verse"",""start"":123.29,""end"":137.39},{""type"":""chorus"",""start"":160.31,""end"":169.56}]"
Go Go Not Cry Cry,Compilations,2007,2000s,Metal,69,"[{""type"":""intro"",""start"":0.23,""end"":9.1},{""type"":""instrumental"",""start"":18.62,""end"":22.92},{""type"":""instrumental"",""start"":35.6,""end"":39.87},{""type"":""outro"",""start"":56.88,""end"":61.11},{""type"":""instrumental"",""start"":61.11,""end"":67.72}]"
Factory Girl,The Rolling Stones,1998,1990s,Rock,167,"[{""type"":""intro"",""start"":0.02,""end"":2.59},{""type"":""instrumental"",""start"":14.17,""end"":18.69},{""type"":""verse"",""start"":18.69,""end"":23.21},{""type"":""verse"",""start"":41.56,""end"":46.12},{""type"":""instrumental"",""start"":64.48,""end"":69.0},{""type"":""instrumental"",""start"":78.05,""end"":82.67},{""type"":""verse"",""start"":82.67,""end"":87.28},{""type"":""instrumental"",""start"":105.6,""end"":110.24},{""type"":""instrumental"",""start"":119.58,""end"":124.07},{""type"":""verse"",""start"":124.07,""end"":128.69}]"
Imitation Of Life,R E M ,2001,2000s,Rock,238,"[{""type"":""intro"",""start"":0.22,""end"":6.07},{""type"":""instrumental"",""start"":6.07,""end"":16.74},{""type"":""verse"",""start"":16.74,""end"":24.45},{""type"":""chorus"",""start"":50.51,""end"":58.27},{""type"":""verse"",""start"":68.89,""end"":76.61},{""type"":""chorus"",""start"":102.67,""end"":110.4},{""type"":""instrumental"",""start"":121.04,""end"":128.78},{""type"":""instrumental"",""start"":136.54,""end"":144.23},{""type"":""chorus"",""start"":144.23,""end"":151.98},{""type"":""instrumental"",""start"":162.62,""end"":170.34},{""type"":""outro"",""start"":193.52,""end"":201.26}]"
Japanese Single,Compilations,2007,2000s,Rock,216,"[{""type"":""intro"",""start"":0.41,""end"":11.55},{""type"":""verse"",""start"":11.55,""end"":21.88},{""type"":""verse"",""start"":32.19,""end"":42.48},{""type"":""chorus"",""start"":52.74,""end"":63.15},{""type"":""bridge"",""start"":73.45,""end"":83.81},{""type"":""verse"",""start"":83.81,""end"":94.05},{""type"":""chorus"",""start"":104.38,""end"":114.81},{""type"":""bridge"",""start"":125.08,""end"":135.42},{""type"":""chorus"",""start"":156.05,""end"":166.37},{""type"":""outro"",""start"":176.72,""end"":187.03}]"
Sometimes Salvation,The Black Crowes,1991,1990s,Rock,276,"[{""type"":""intro"",""start"":2.82,""end"":4.68},{""type"":""intro"",""start"":4.68,""end"":12.28},{""type"":""instrumental"",""start"":12.28,""end"":19.67},{""type"":""verse"",""start"":19.67,""end"":27.34},{""type"":""chorus"",""start"":50.27,""end"":57.74},{""type"":""verse"",""start"":90.48,""end"":97.97},{""type"":""chorus"",""start"":120.62,""end"":128.12},{""type"":""instrumental"",""start"":160.91,""end"":168.42},{""type"":""instrumental"",""start"":183.44,""end"":191.04},{""type"":""verse"",""start"":191.04,""end"":198.66},{""type"":""outro"",""start"":206.03,""end"":213.64}]"
My Only Guarantee,Cowboy Junkies,2007,2000s,Rock,209,"[{""type"":""intro"",""start"":0.12,""end"":6.6},{""type"":""verse"",""start"":6.6,""end"":13.12},{""type"":""chorus"",""start"":29.36,""end"":39.19},{""type"":""instrumental"",""start"":39.19,""end"":45.51},{""type"":""verse"",""start"":45.51,""end"":51.97},{""type"":""chorus"",""start"":68.28,""end"":78.05},{""type"":""instrumental"",""start"":78.05,""end"":84.45},{""type"":""chorus"",""start"":84.45,""end"":90.89},{""type"":""instrumental"",""start"":110.47,""end"":116.97},{""type"":""verse"",""start"":116.97,""end"":123.41},{""type"":""chorus"",""start"":139.65,""end"":149.41},{""type"":""instrumental"",""start"":149.41,""end"":155.76},{""type"":""chorus"",""start"":155.76,""end"":162.23},{""type"":""outro"",""start"":181.97,""end"":188.24},{""type"":""instrumental"",""start"":188.24,""end"":204.22}]"
Les e toiles filantes,Les Cowboys Fringants,2004,2000s,Rock,265,"[{""type"":""intro"",""start"":0.05,""end"":7.52},{""type"":""instrumental"",""start"":7.52,""end"":14.93},{""type"":""instrumental"",""start"":22.26,""end"":29.66},{""type"":""chorus"",""start"":29.66,""end"":37.07},{""type"":""instrumental"",""start"":37.07,""end"":44.42},{""type"":""verse"",""start"":44.42,""end"":51.8},{""type"":""chorus"",""start"":88.78,""end"":96.18},{""type"":""instrumental"",""start"":96.18,""end"":103.53},{""type"":""verse"",""start"":103.53,""end"":110.89},{""type"":""instrumental"",""start"":147.83,""end"":155.2},{""type"":""instrumental"",""start"":155.2,""end"":162.55},{""type"":""instrumental"",""start"":169.96,""end"":177.33},{""type"":""verse"",""start"":177.33,""end"":184.78},{""type"":""chorus"",""start"":221.71,""end"":229.07},{""type"":""instrumental"",""start"":229.07,""end"":236.47},{""type"":""outro"",""start"":236.47,""end"":243.88}]"
Victory Is Won,Santana,2002,2000s,Rock,320,"[{""type"":""intro"",""start"":0.14,""end"":8.23},{""type"":""bridge"",""start"":32.61,""end"":38.68},{""type"":""intro"",""start"":38.68,""end"":44.84},{""type"":""bridge"",""start"":63.29,""end"":69.4},{""type"":""instrumental"",""start"":75.36,""end"":81.4},{""type"":""bridge"",""start"":99.84,""end"":106.06},{""type"":""instrumental"",""start"":106.06,""end"":112.18},{""type"":""instrumental"",""start"":112.18,""end"":118.24},{""type"":""instrumental"",""start"":178.54,""end"":184.52},{""type"":""instrumental"",""start"":184.52,""end"":190.55},{""type"":""instrumental"",""start"":196.63,""end"":202.64},{""type"":""outro"",""start"":268.65,""end"":274.67},{""type"":""instrumental"",""start"":301.16,""end"":317.79}]"
I Can  t Make You Love Me,Bonnie Raitt,1991,1990s,Rock,333,"[{""type"":""intro"",""start"":0.59,""end"":17.71},{""type"":""instrumental"",""start"":17.71,""end"":32.99},{""type"":""verse"",""start"":32.99,""end"":48.61},{""type"":""chorus"",""start"":74.03,""end"":89.6},{""type"":""verse"",""start"":136.39,""end"":152.04},{""type"":""chorus"",""start"":178.92,""end"":194.3},{""type"":""outro"",""start"":233.04,""end"":248.55},{""type"":""outro"",""start"":310.01,""end"":329.02}]"
Swagger,Compilations,2007,2000s,Rock,218,"[{""type"":""intro"",""start"":0.14,""end"":3.66},{""type"":""intro"",""start"":7.26,""end"":21.54},{""type"":""intro"",""start"":35.77,""end"":50.01},{""type"":""verse"",""start"":50.01,""end"":64.17},{""type"":""chorus"",""start"":78.4,""end"":92.6},{""type"":""verse"",""start"":92.6,""end"":106.8},{""type"":""instrumental"",""start"":121.02,""end"":135.21},{""type"":""chorus"",""start"":135.21,""end"":149.39},{""type"":""verse"",""start"":149.39,""end"":163.6},{""type"":""outro"",""start"":192.0,""end"":206.16},{""type"":""outro"",""start"":206.16,""end"":214.35}]"
Coldsweat   Remix  ,Sugarcubes,1988,1980s,Rock,222,"[{""type"":""intro"",""start"":0.22,""end"":11.09},{""type"":""chorus"",""start"":11.09,""end"":21.29},{""type"":""intro"",""start"":21.29,""end"":31.51},{""type"":""verse"",""start"":31.51,""end"":41.76},{""type"":""chorus"",""start"":52.05,""end"":62.31},{""type"":""intro"",""start"":62.31,""end"":72.61},{""type"":""verse"",""start"":72.61,""end"":82.91},{""type"":""chorus"",""start"":93.16,""end"":103.47},{""type"":""instrumental"",""start"":103.47,""end"":113.76},{""type"":""chorus"",""start"":154.84,""end"":165.05},{""type"":""verse"",""start"":165.05,""end"":175.28},{""type"":""chorus"",""start"":180.41,""end"":190.64},{""type"":""outro"",""start"":190.64,""end"":200.84},{""type"":""instrumental"",""start"":210.98,""end"":218.71}]"
Blow Out,Radiohead,1993,1990s,Rock,281,"[{""type"":""intro"",""start"":0.43,""end"":7.13},{""type"":""instrumental"",""start"":20.53,""end"":27.34},{""type"":""verse"",""start"":27.34,""end"":34.11},{""type"":""verse"",""start"":54.61,""end"":61.38},{""type"":""verse"",""start"":108.92,""end"":115.73},{""type"":""bridge"",""start"":136.19,""end"":143.15},{""type"":""instrumental"",""start"":192.11,""end"":198.92},{""type"":""outro"",""start"":260.0,""end"":278.35}]"
Only One And Only,Gillian Welch,1996,1990s,Country,334,"[{""type"":""intro"",""start"":0.42,""end"":11.1},{""type"":""instrumental"",""start"":11.1,""end"":21.68},{""type"":""verse"",""start"":21.68,""end"":32.12},{""type"":""verse"",""start"":42.73,""end"":53.15},{""type"":""chorus"",""start"":63.98,""end"":74.97},{""type"":""verse"",""start"":85.92,""end"":96.73},{""type"":""verse"",""start"":107.57,""end"":118.3},{""type"":""chorus"",""start"":129.13,""end"":140.04},{""type"":""instrumental"",""start"":151.07,""end"":161.85},{""type"":""instrumental"",""start"":172.81,""end"":183.79},{""type"":""instrumental"",""start"":183.79,""end"":194.78},{""type"":""verse"",""start"":194.78,""end"":205.75},{""type"":""verse"",""start"":216.6,""end"":227.39},{""type"":""chorus"",""start"":238.46,""end"":249.5},{""type"":""chorus"",""start"":260.66,""end"":271.7},{""type"":""outro"",""start"":282.94,""end"":294.06},{""type"":""instrumental"",""start"":294.06,""end"":305.14},{""type"":""outro"",""start"":305.14,""end"":316.2},{""type"":""instrumental"",""start"":316.2,""end"":328.77}]"
The Believer,Neil Young,2007,2000s,Country,163,"[{""type"":""intro"",""start"":0.21,""end"":1.0},{""type"":""verse"",""start"":7.59,""end"":14.19},{""type"":""chorus"",""start"":20.56,""end"":26.93},{""type"":""verse"",""start"":26.93,""end"":33.38},{""type"":""chorus"",""start"":39.83,""end"":46.06},{""type"":""verse"",""start"":52.41,""end"":58.93},{""type"":""bridge"",""start"":65.35,""end"":71.79},{""type"":""chorus"",""start"":71.79,""end"":78.21},{""type"":""verse"",""start"":84.47,""end"":90.88},{""type"":""chorus"",""start"":97.27,""end"":103.61},{""type"":""verse"",""start"":109.88,""end"":116.13},{""type"":""bridge"",""start"":122.5,""end"":129.01},{""type"":""chorus"",""start"":129.01,""end"":135.29},{""type"":""outro"",""start"":147.92,""end"":158.24}]"
Who  s Gonna Mow Your Grass ,Compilations,2003,2000s,Country,139,"[{""type"":""intro"",""start"":0.02,""end"":7.69},{""type"":""verse"",""start"":7.69,""end"":15.34},{""type"":""bridge"",""start"":28.7,""end"":32.51},{""type"":""verse"",""start"":32.51,""end"":40.1},{""type"":""chorus"",""start"":51.48,""end"":59.03},{""type"":""verse"",""start"":68.58,""end"":76.22},{""type"":""bridge"",""start"":81.86,""end"":85.68},{""type"":""instrumental"",""start"":85.68,""end"":93.28},{""type"":""instrumental"",""start"":93.28,""end"":96.98},{""type"":""chorus"",""start"":96.98,""end"":104.52},{""type"":""outro"",""start"":114.04,""end"":121.67}]"
Sweet Poison,Compilations,2007,2000s,Country,203,"[{""type"":""intro"",""start"":0.19,""end"":6.55},{""type"":""instrumental"",""start"":6.55,""end"":12.32},{""type"":""verse"",""start"":12.32,""end"":24.02},{""type"":""chorus"",""start"":35.78,""end"":53.3},{""type"":""instrumental"",""start"":53.3,""end"":73.16},{""type"":""verse"",""start"":73.16,""end"":84.83},{""type"":""chorus"",""start"":96.51,""end"":114.06},{""type"":""instrumental"",""start"":114.06,""end"":133.99},{""type"":""verse"",""start"":133.99,""end"":145.64},{""type"":""chorus"",""start"":157.24,""end"":174.73},{""type"":""outro"",""start"":174.73,""end"":200.69}]"
Long gone,Robyn,1999,1990s,Pop,275,"[{""type"":""intro"",""start"":2.12,""end"":10.12},{""type"":""chorus"",""start"":10.12,""end"":18.12},{""type"":""verse"",""start"":18.12,""end"":26.12},{""type"":""chorus"",""start"":50.12,""end"":58.12},{""type"":""verse"",""start"":66.12,""end"":74.12},{""type"":""chorus"",""start"":74.12,""end"":82.12},{""type"":""verse"",""start"":82.12,""end"":90.12},{""type"":""chorus"",""start"":106.12,""end"":114.12},{""type"":""verse"",""start"":122.12,""end"":130.12},{""type"":""chorus"",""start"":134.11,""end"":142.12},{""type"":""instrumental"",""start"":142.12,""end"":150.12},{""type"":""instrumental"",""start"":150.12,""end"":158.12},{""type"":""chorus"",""start"":158.12,""end"":166.11},{""type"":""chorus"",""start"":174.12,""end"":182.12},{""type"":""verse"",""start"":182.12,""end"":190.12},{""type"":""chorus"",""start"":198.11,""end"":206.11},{""type"":""verse"",""start"":214.12,""end"":222.11},{""type"":""chorus"",""start"":222.11,""end"":230.11},{""type"":""chorus"",""start"":246.11,""end"":254.12},{""type"":""chorus"",""start"":262.11,""end"":270.11},{""type"":""outro"",""start"":270.11,""end"":272.69}]"
Tonight  s The Night,Pink,2003,2000s,Pop,236,"[{""type"":""intro"",""start"":0.21,""end"":9.66},{""type"":""intro"",""start"":9.66,""end"":18.46},{""type"":""chorus"",""start"":18.46,""end"":22.93},{""type"":""chorus"",""start"":27.33,""end"":31.78},{""type"":""verse"",""start"":36.16,""end"":45.02},{""type"":""chorus"",""start"":53.9,""end"":58.28},{""type"":""chorus"",""start"":62.72,""end"":67.19},{""type"":""verse"",""start"":71.57,""end"":80.44},{""type"":""chorus"",""start"":89.31,""end"":93.77},{""type"":""chorus"",""start"":98.14,""end"":102.58},{""type"":""instrumental"",""start"":106.98,""end"":115.86},{""type"":""instrumental"",""start"":115.86,""end"":124.69},{""type"":""bridge"",""start"":124.69,""end"":129.13},{""type"":""bridge"",""start"":133.56,""end"":137.98},{""type"":""verse"",""start"":142.42,""end"":151.3},{""type"":""chorus"",""start"":160.16,""end"":164.58},{""type"":""chorus"",""start"":168.96,""end"":173.42},{""type"":""verse"",""start"":177.83,""end"":186.72},{""type"":""chorus"",""start"":195.56,""end"":199.92},{""type"":""chorus"",""start"":204.37,""end"":208.81},{""type"":""outro"",""start"":213.2,""end"":222.12}]"
Stars Are Blind,Paris Hilton,2006,2000s,Pop,237,"[{""type"":""intro"",""start"":0.58,""end"":5.05},{""type"":""intro"",""start"":9.99,""end"":19.4},{""type"":""verse"",""start"":19.4,""end"":28.79},{""type"":""pre-chorus"",""start"":38.13,""end"":47.56},{""type"":""chorus"",""start"":61.69,""end"":71.19},{""type"":""verse"",""start"":94.58,""end"":104.08},{""type"":""pre-chorus"",""start"":113.45,""end"":122.89},{""type"":""chorus"",""start"":127.66,""end"":136.97},{""type"":""bridge"",""start"":155.87,""end"":165.25},{""type"":""chorus"",""start"":174.67,""end"":184.1},{""type"":""outro"",""start"":212.31,""end"":221.69},{""type"":""outro"",""start"":221.69,""end"":231.12}]"
Strings Outro,Compilations,2007,2000s,Electronic,124,"[{""type"":""intro"",""start"":0.03,""end"":9.02},{""type"":""instrumental"",""start"":9.02,""end"":17.92},{""type"":""instrumental"",""start"":17.92,""end"":26.8},{""type"":""instrumental"",""start"":71.3,""end"":80.2},{""type"":""outro"",""start"":106.88,""end"":115.75},{""type"":""instrumental"",""start"":115.75,""end"":124.34}]"
St Guillen,Bunny Rabbit,2007,2000s,Electronic,219,"[{""type"":""verse"",""start"":14.89,""end"":24.8},{""type"":""chorus"",""start"":34.78,""end"":44.64},{""type"":""verse"",""start"":64.46,""end"":74.4},{""type"":""instrumental"",""start"":104.02,""end"":113.89},{""type"":""instrumental"",""start"":113.89,""end"":123.84},{""type"":""verse"",""start"":123.84,""end"":133.68},{""type"":""outro"",""start"":153.49,""end"":163.42},{""type"":""outro"",""start"":183.15,""end"":216.76}]"
The Boogie Monster,Gnarls Barkley,2006,2000s,Hip-Hop,170,"[{""type"":""intro"",""start"":0.0,""end"":4.84},{""type"":""chorus"",""start"":18.71,""end"":23.28},{""type"":""verse"",""start"":37.15,""end"":41.83},{""type"":""chorus"",""start"":41.83,""end"":46.37},{""type"":""chorus"",""start"":55.63,""end"":60.19},{""type"":""verse"",""start"":74.09,""end"":78.67},{""type"":""chorus"",""start"":78.67,""end"":83.28},{""type"":""chorus"",""start"":92.55,""end"":97.14},{""type"":""verse"",""start"":110.96,""end"":115.52},{""type"":""chorus"",""start"":115.52,""end"":120.24},{""type"":""chorus"",""start"":129.44,""end"":133.99},{""type"":""outro"",""start"":147.84,""end"":152.48}]"
I Got Luv 4 Ya,Timbaland,2003,2000s,Hip-Hop,247,"[{""type"":""intro"",""start"":0.0,""end"":11.96},{""type"":""verse"",""start"":23.75,""end"":35.67},{""type"":""chorus"",""start"":71.14,""end"":83.0},{""type"":""verse"",""start"":94.92,""end"":106.76},{""type"":""chorus"",""start"":142.3,""end"":154.2},{""type"":""bridge"",""start"":166.0,""end"":177.83},{""type"":""chorus"",""start"":177.83,""end"":189.72},{""type"":""bridge"",""start"":201.56,""end"":213.38},{""type"":""outro"",""start"":213.38,""end"":225.26},{""type"":""outro"",""start"":237.05,""end"":247.96}]"
Throw Your Set In The Air,Cypress Hill,1995,1990s,Hip-Hop,248,"[{""type"":""intro"",""start"":43.24,""end"":53.64},{""type"":""verse"",""start"":53.64,""end"":64.09},{""type"":""chorus"",""start"":74.47,""end"":84.82},{""type"":""verse"",""start"":84.82,""end"":95.21},{""type"":""chorus"",""start"":126.37,""end"":136.77},{""type"":""verse"",""start"":167.97,""end"":178.26},{""type"":""chorus"",""start"":188.73,""end"":199.11},{""type"":""outro"",""start"":209.46,""end"":219.86},{""type"":""outro"",""start"":230.21,""end"":244.97}]"
James Bond Theme,Compilations,1962,1960s,Pop,107,"[{""type"":""intro"",""start"":0.37,""end"":3.96},{""type"":""instrumental"",""start"":27.38,""end"":30.68},{""type"":""instrumental"",""start"":30.68,""end"":34.04},{""type"":""instrumental"",""start"":34.04,""end"":37.39},{""type"":""instrumental"",""start"":40.82,""end"":47.48},{""type"":""instrumental"",""start"":47.48,""end"":54.11},{""type"":""instrumental"",""start"":54.11,""end"":60.8},{""type"":""instrumental"",""start"":60.8,""end"":67.43},{""type"":""instrumental"",""start"":67.43,""end"":74.16},{""type"":""bridge"",""start"":74.16,""end"":77.76},{""type"":""instrumental"",""start"":77.76,""end"":80.98},{""type"":""instrumental"",""start"":87.72,""end"":91.15},{""type"":""instrumental"",""start"":91.15,""end"":94.5},{""type"":""outro"",""start"":94.5,""end"":104.78}]"
Run Fay Run,Compilations,1974,1970s,Pop,166,"[{""type"":""intro"",""start"":0.34,""end"":4.75},{""type"":""instrumental"",""start"":45.72,""end"":49.77},{""type"":""intro"",""start"":49.77,""end"":53.79},{""type"":""instrumental"",""start"":75.96,""end"":80.03},{""type"":""instrumental"",""start"":80.03,""end"":84.07},{""type"":""instrumental"",""start"":92.16,""end"":96.16},{""type"":""instrumental"",""start"":106.2,""end"":110.25},{""type"":""instrumental"",""start"":110.25,""end"":114.25},{""type"":""instrumental"",""start"":122.25,""end"":126.29},{""type"":""instrumental"",""start"":136.38,""end"":140.44},{""type"":""instrumental"",""start"":140.44,""end"":144.49},{""type"":""instrumental"",""start"":152.56,""end"":156.6},{""type"":""instrumental"",""start"":160.59,""end"":165.21}]"
When the Day Is Short,Martha Wainwright,2005,2000s,Folk,226,"[{""type"":""intro"",""start"":0.1,""end"":6.44},{""type"":""intro"",""start"":6.44,""end"":14.49},{""type"":""instrumental"",""start"":14.49,""end"":22.49},{""type"":""verse"",""start"":22.49,""end"":30.61},{""type"":""verse"",""start"":50.8,""end"":58.94},{""type"":""bridge"",""start"":66.97,""end"":77.06},{""type"":""verse"",""start"":77.06,""end"":85.16},{""type"":""chorus"",""start"":93.25,""end"":101.31},{""type"":""verse"",""start"":101.31,""end"":109.34},{""type"":""chorus"",""start"":117.32,""end"":129.52},{""type"":""bridge"",""start"":129.52,""end"":137.68},{""type"":""verse"",""start"":157.85,""end"":165.92},{""type"":""outro"",""start"":175.51,""end"":183.57},{""type"":""bridge"",""start"":183.57,""end"":193.68},{""type"":""outro"",""start"":193.68,""end"":201.76},{""type"":""outro"",""start"":209.76,""end"":217.97},{""type"":""outro"",""start"":217.97,""end"":223.12}]"
You Were Here,Sarah Harmer,2000,2000s,Folk,293,"[{""type"":""intro"",""start"":0.39,""end"":10.12},{""type"":""instrumental"",""start"":10.12,""end"":19.62},{""type"":""verse"",""start"":19.62,""end"":29.05},{""type"":""verse"",""start"":38.61,""end"":47.86},{""type"":""instrumental"",""start"":57.84,""end"":67.41},{""type"":""instrumental"",""start"":67.41,""end"":77.21},{""type"":""pre-chorus"",""start"":77.21,""end"":86.52},{""type"":""chorus"",""start"":95.53,""end"":104.98},{""type"":""instrumental"",""start"":109.66,""end"":119.0},{""type"":""instrumental"",""start"":119.0,""end"":128.59},{""type"":""pre-chorus"",""start"":128.59,""end"":137.53},{""type"":""chorus"",""start"":146.46,""end"":155.64},{""type"":""chorus"",""start"":164.76,""end"":174.02},{""type"":""instrumental"",""start"":178.62,""end"":188.05},{""type"":""instrumental"",""start"":188.05,""end"":197.48},{""type"":""pre-chorus"",""start"":197.48,""end"":206.39},{""type"":""chorus"",""start"":215.31,""end"":224.46},{""type"":""chorus"",""start"":233.52,""end"":242.62},{""type"":""outro"",""start"":247.17,""end"":256.78}]"
Honey   Live  ,Tori Amos,1996,1990s,Folk,260,"[{""type"":""intro"",""start"":30.06,""end"":34.32},{""type"":""verse"",""start"":53.27,""end"":57.11},{""type"":""chorus"",""start"":88.33,""end"":95.99},{""type"":""bridge"",""start"":103.87,""end"":107.61},{""type"":""verse"",""start"":111.41,""end"":115.2},{""type"":""chorus"",""start"":138.89,""end"":146.56},{""type"":""bridge"",""start"":154.47,""end"":158.41},{""type"":""instrumental"",""start"":171.32,""end"":175.5},{""type"":""verse"",""start"":188.95,""end"":192.78},{""type"":""chorus"",""start"":216.24,""end"":224.02},{""type"":""chorus"",""start"":231.68,""end"":239.51}]"
Suitcase Song,Nellie McKay,2004,2000s,Folk,153,"[{""type"":""intro"",""start"":0.37,""end"":14.29},{""type"":""verse"",""start"":14.29,""end"":21.57},{""type"":""verse"",""start"":36.0,""end"":43.26},{""type"":""chorus"",""start"":50.54,""end"":57.7},{""type"":""chorus"",""start"":64.88,""end"":71.95},{""type"":""verse"",""start"":79.09,""end"":86.24},{""type"":""verse"",""start"":100.59,""end"":107.67},{""type"":""chorus"",""start"":114.74,""end"":121.69},{""type"":""chorus"",""start"":128.63,""end"":135.48},{""type"":""outro"",""start"":142.79,""end"":150.81}]"
Rodeo Girl,Rickie Lee Jones,1989,1980s,Folk,294,"[{""type"":""intro"",""start"":0.46,""end"":17.99},{""type"":""verse"",""start"":17.99,""end"":29.6},{""type"":""chorus"",""start"":77.83,""end"":95.4},{""type"":""bridge"",""start"":124.56,""end"":136.32},{""type"":""verse"",""start"":145.23,""end"":156.8},{""type"":""chorus"",""start"":190.39,""end"":207.89},{""type"":""outro"",""start"":231.38,""end"":243.05}]"
Passenger Song,Great Lake Swimmers,2007,2000s,Folk,271,"[{""type"":""intro"",""start"":0.3,""end"":6.37},{""type"":""instrumental"",""start"":6.37,""end"":12.43},{""type"":""verse"",""start"":12.43,""end"":18.64},{""type"":""verse"",""start"":30.76,""end"":36.85},{""type"":""verse"",""start"":49.26,""end"":55.28},{""type"":""verse"",""start"":67.4,""end"":73.47},{""type"":""verse"",""start"":85.85,""end"":91.82},{""type"":""verse"",""start"":104.03,""end"":110.21},{""type"":""instrumental"",""start"":122.36,""end"":128.61},{""type"":""instrumental"",""start"":137.42,""end"":140.73},{""type"":""verse"",""start"":140.73,""end"":146.86},{""type"":""verse"",""start"":159.02,""end"":165.08},{""type"":""verse"",""start"":177.36,""end"":183.43},{""type"":""verse"",""start"":195.64,""end"":201.71},{""type"":""verse"",""start"":213.96,""end"":220.11},{""type"":""verse"",""start"":232.11,""end"":238.24},{""type"":""outro"",""start"":250.43,""end"":260.76}]"
Ride Natty Ride,Bob Marley,1979,1970s,Reggae,231,"[{""type"":""intro"",""start"":0.69,""end"":5.98},{""type"":""verse"",""start"":13.78,""end"":17.68},{""type"":""pre-chorus"",""start"":37.04,""end"":40.94},{""type"":""chorus"",""start"":52.44,""end"":56.3},{""type"":""verse"",""start"":67.82,""end"":71.58},{""type"":""bridge"",""start"":102.39,""end"":106.17},{""type"":""chorus"",""start"":140.49,""end"":144.26},{""type"":""verse"",""start"":148.12,""end"":151.91},{""type"":""chorus"",""start"":167.27,""end"":171.09},{""type"":""verse"",""start"":174.9,""end"":178.72},{""type"":""chorus"",""start"":193.97,""end"":197.83},{""type"":""outro"",""start"":216.94,""end"":221.0}]"
Johnny Too Bad,Compilations,1972,1970s,Reggae,185,"[{""type"":""intro"",""start"":1.72,""end"":7.57},{""type"":""verse"",""start"":13.44,""end"":19.26},{""type"":""chorus"",""start"":36.66,""end"":42.41},{""type"":""verse"",""start"":48.25,""end"":54.05},{""type"":""chorus"",""start"":71.43,""end"":77.18},{""type"":""instrumental"",""start"":82.98,""end"":88.75},{""type"":""instrumental"",""start"":100.35,""end"":106.22},{""type"":""verse"",""start"":106.22,""end"":112.06},{""type"":""chorus"",""start"":129.47,""end"":135.34},{""type"":""verse"",""start"":141.09,""end"":147.01},{""type"":""chorus"",""start"":164.29,""end"":170.17},{""type"":""outro"",""start"":170.17,""end"":175.89}]"
Young Gifted and Black,Compilations,1993,1990s,Reggae,188,"[{""type"":""intro"",""start"":0.02,""end"":4.64},{""type"":""verse"",""start"":4.64,""end"":9.98},{""type"":""pre-chorus"",""start"":22.99,""end"":27.25},{""type"":""chorus"",""start"":31.47,""end"":35.69},{""type"":""verse"",""start"":39.87,""end"":44.17},{""type"":""pre-chorus"",""start"":56.82,""end"":61.07},{""type"":""chorus"",""start"":65.29,""end"":69.45},{""type"":""instrumental"",""start"":73.67,""end"":77.89},{""type"":""verse"",""start"":77.89,""end"":82.08},{""type"":""pre-chorus"",""start"":94.79,""end"":99.0},{""type"":""chorus"",""start"":103.18,""end"":107.41},{""type"":""instrumental"",""start"":111.65,""end"":115.77},{""type"":""verse"",""start"":115.77,""end"":120.08},{""type"":""pre-chorus"",""start"":132.73,""end"":136.91},{""type"":""chorus"",""start"":141.02,""end"":145.17},{""type"":""verse"",""start"":149.38,""end"":153.56},{""type"":""pre-chorus"",""start"":166.12,""end"":170.34},{""type"":""chorus"",""start"":174.57,""end"":178.76},{""type"":""outro"",""start"":182.95,""end"":188.6}]"
Two Sevens Clash,Compilations,1993,1990s,Reggae,208,"[{""type"":""intro"",""start"":0.0,""end"":4.07},{""type"":""instrumental"",""start"":4.07,""end"":18.07},{""type"":""chorus"",""start"":18.07,""end"":25.12},{""type"":""verse"",""start"":32.28,""end"":39.38},{""type"":""chorus"",""start"":53.68,""end"":60.8},{""type"":""instrumental"",""start"":67.92,""end"":75.01},{""type"":""instrumental"",""start"":75.01,""end"":82.12},{""type"":""verse"",""start"":82.12,""end"":89.23},{""type"":""chorus"",""start"":103.58,""end"":110.83},{""type"":""verse"",""start"":117.92,""end"":125.02},{""type"":""chorus"",""start"":132.18,""end"":139.29},{""type"":""verse"",""start"":146.51,""end"":153.64},{""type"":""outro"",""start"":174.93,""end"":182.09},{""type"":""outro"",""start"":196.26,""end"":203.35}]"
Plateau,Nirvana,1994,1990s,Rock,218,"[{""type"":""intro"",""start"":0.05,""end"":5.41},{""type"":""instrumental"",""start"":15.88,""end"":21.33},{""type"":""verse"",""start"":21.33,""end"":26.91},{""type"":""chorus"",""start"":45.14,""end"":50.85},{""type"":""instrumental"",""start"":56.68,""end"":62.43},{""type"":""instrumental"",""start"":62.43,""end"":68.14},{""type"":""verse"",""start"":68.14,""end"":73.75},{""type"":""chorus"",""start"":81.0,""end"":86.89},{""type"":""instrumental"",""start"":92.72,""end"":98.54},{""type"":""instrumental"",""start"":98.54,""end"":104.25},{""type"":""verse"",""start"":104.25,""end"":110.03},{""type"":""outro"",""start"":133.08,""end"":138.77},{""type"":""instrumental"",""start"":171.51,""end"":176.95}]"
Smile,Pearl Jam,1996,1990s,Rock,230,"[{""type"":""intro"",""start"":0.12,""end"":6.29},{""type"":""instrumental"",""start"":6.29,""end"":12.36},{""type"":""intro"",""start"":12.36,""end"":18.48},{""type"":""instrumental"",""start"":18.48,""end"":24.64},{""type"":""verse"",""start"":24.64,""end"":30.77},{""type"":""intro"",""start"":49.27,""end"":55.5},{""type"":""instrumental"",""start"":55.5,""end"":61.65},{""type"":""verse"",""start"":61.65,""end"":67.87},{""type"":""chorus"",""start"":86.37,""end"":92.54},{""type"":""chorus"",""start"":98.75,""end"":104.97},{""type"":""intro"",""start"":111.12,""end"":117.26},{""type"":""instrumental"",""start"":117.26,""end"":123.45},{""type"":""instrumental"",""start"":123.45,""end"":129.59},{""type"":""instrumental"",""start"":141.85,""end"":147.99},{""type"":""chorus"",""start"":147.99,""end"":154.14},{""type"":""chorus"",""start"":160.25,""end"":166.44},{""type"":""bridge"",""start"":172.58,""end"":184.68},{""type"":""outro"",""start"":184.68,""end"":190.85},{""type"":""instrumental"",""start"":215.36,""end"":230.15}]"
Sex Rap,Red Hot Chili Peppers,1985,1980s,Rock,114,"[{""type"":""intro"",""start"":0.16,""end"":6.03},{""type"":""verse"",""start"":6.03,""end"":9.41},{""type"":""chorus"",""start"":33.98,""end"":37.33},{""type"":""verse"",""start"":40.59,""end"":44.08},{""type"":""chorus"",""start"":68.47,""end"":71.76},{""type"":""instrumental"",""start"":74.98,""end"":78.47},{""type"":""instrumental"",""start"":85.34,""end"":88.72},{""type"":""verse"",""start"":88.72,""end"":92.16},{""type"":""outro"",""start"":99.06,""end"":102.45},{""type"":""instrumental"",""start"":102.45,""end"":105.86}]"
Take It Back,Cream,1967,1960s,Rock,188,"[{""type"":""intro"",""start"":0.3,""end"":4.12},{""type"":""instrumental"",""start"":4.12,""end"":7.95},{""type"":""chorus"",""start"":7.95,""end"":11.95},{""type"":""verse"",""start"":25.77,""end"":29.8},{""type"":""chorus"",""start"":41.7,""end"":45.7},{""type"":""verse"",""start"":69.33,""end"":73.39},{""type"":""chorus"",""start"":85.29,""end"":89.27},{""type"":""instrumental"",""start"":95.16,""end"":99.17},{""type"":""verse"",""start"":113.06,""end"":116.97},{""type"":""chorus"",""start"":128.98,""end"":133.08},{""type"":""verse"",""start"":156.72,""end"":160.85},{""type"":""outro"",""start"":172.68,""end"":176.66}]"
Hesitation Blues,Janis Joplin,1965,1960s,Rock,245,"[{""type"":""intro"",""start"":9.53,""end"":19.85},{""type"":""instrumental"",""start"":29.9,""end"":39.95},{""type"":""verse"",""start"":39.95,""end"":50.02},{""type"":""verse"",""start"":69.55,""end"":79.11},{""type"":""bridge"",""start"":98.54,""end"":108.06},{""type"":""instrumental"",""start"":117.63,""end"":127.32},{""type"":""verse"",""start"":127.32,""end"":136.96},{""type"":""verse"",""start"":156.37,""end"":165.89},{""type"":""instrumental"",""start"":185.22,""end"":194.6},{""type"":""instrumental"",""start"":203.94,""end"":213.21},{""type"":""verse"",""start"":213.21,""end"":222.74}]"
Little Umbrellas,Frank Zappa,1969,1960s,Rock,182,"[{""type"":""intro"",""start"":0.53,""end"":8.35},{""type"":""chorus"",""start"":8.35,""end"":15.51},{""type"":""chorus"",""start"":37.09,""end"":44.18},{""type"":""instrumental"",""start"":58.67,""end"":65.8},{""type"":""bridge"",""start"":65.8,""end"":72.93},{""type"":""bridge"",""start"":80.2,""end"":87.36},{""type"":""instrumental"",""start"":87.36,""end"":94.54},{""type"":""instrumental"",""start"":115.76,""end"":122.79},{""type"":""instrumental"",""start"":129.87,""end"":136.93},{""type"":""bridge"",""start"":136.93,""end"":143.98},{""type"":""instrumental"",""start"":143.98,""end"":151.08},{""type"":""chorus"",""start"":151.08,""end"":158.07},{""type"":""instrumental"",""start"":172.02,""end"":182.0}]"
I  d Die For You,Bon Jovi,1986,1980s,Metal,270,"[{""type"":""intro"",""start"":0.19,""end"":7.36},{""type"":""instrumental"",""start"":7.36,""end"":14.51},{""type"":""instrumental"",""start"":21.7,""end"":28.86},{""type"":""verse"",""start"":28.86,""end"":36.06},{""type"":""pre-chorus"",""start"":57.79,""end"":64.94},{""type"":""chorus"",""start"":72.17,""end"":79.48},{""type"":""verse"",""start"":101.05,""end"":108.35},{""type"":""pre-chorus"",""start"":130.02,""end"":137.22},{""type"":""chorus"",""start"":144.49,""end"":151.72},{""type"":""instrumental"",""start"":173.26,""end"":180.34},{""type"":""instrumental"",""start"":194.5,""end"":201.71},{""type"":""chorus"",""start"":201.71,""end"":209.0},{""type"":""outro"",""start"":230.5,""end"":237.64},{""type"":""outro"",""start"":259.22,""end"":269.26}]"
More Human Than Human,White Zombie,1995,1990s,Metal,270,"[{""type"":""intro"",""start"":0.42,""end"":19.74},{""type"":""instrumental"",""start"":19.74,""end"":38.37},{""type"":""intro"",""start"":38.37,""end"":43.12},{""type"":""instrumental"",""start"":52.57,""end"":57.33},{""type"":""intro"",""start"":57.33,""end"":62.1},{""type"":""instrumental"",""start"":62.1,""end"":66.79},{""type"":""verse"",""start"":66.79,""end"":71.54},{""type"":""pre-chorus"",""start"":85.77,""end"":90.48},{""type"":""instrumental"",""start"":90.48,""end"":95.18},{""type"":""chorus"",""start"":95.18,""end"":99.9},{""type"":""intro"",""start"":114.09,""end"":118.83},{""type"":""instrumental"",""start"":128.29,""end"":133.03},{""type"":""verse"",""start"":133.03,""end"":137.77},{""type"":""pre-chorus"",""start"":151.93,""end"":156.65},{""type"":""instrumental"",""start"":156.65,""end"":161.29},{""type"":""chorus"",""start"":161.29,""end"":166.15},{""type"":""intro"",""start"":180.28,""end"":185.0},{""type"":""instrumental"",""start"":194.46,""end"":199.22},{""type"":""intro"",""start"":199.22,""end"":203.89},{""type"":""instrumental"",""start"":203.89,""end"":208.6},{""type"":""verse"",""start"":208.6,""end"":213.67},{""type"":""chorus"",""start"":218.08,""end"":222.82},{""type"":""outro"",""start"":237.02,""end"":241.68},{""type"":""outro"",""start"":255.86,""end"":268.31}]"
Hands of Death   Burn Baby Burn  ,Compilations,1996,1990s,Metal,252,"[{""type"":""intro"",""start"":4.72,""end"":22.72},{""type"":""intro"",""start"":22.72,""end"":27.26},{""type"":""verse"",""start"":58.73,""end"":63.21},{""type"":""chorus"",""start"":76.64,""end"":81.24},{""type"":""verse"",""start"":94.71,""end"":99.22},{""type"":""chorus"",""start"":112.75,""end"":117.22},{""type"":""chorus"",""start"":130.72,""end"":135.23},{""type"":""instrumental"",""start"":148.76,""end"":153.22},{""type"":""instrumental"",""start"":176.9,""end"":181.38},{""type"":""verse"",""start"":194.9,""end"":199.35},{""type"":""chorus"",""start"":212.79,""end"":217.35},{""type"":""chorus"",""start"":230.85,""end"":235.34}]"
Wall Of Fire,Compilations,2007,2000s,Rock,218,"[{""type"":""intro"",""start"":0.37,""end"":7.57},{""type"":""instrumental"",""start"":7.57,""end"":14.7},{""type"":""verse"",""start"":14.7,""end"":21.82},{""type"":""pre-chorus"",""start"":43.12,""end"":50.2},{""type"":""chorus"",""start"":62.44,""end"":69.47},{""type"":""instrumental"",""start"":90.88,""end"":97.99},{""type"":""instrumental"",""start"":112.2,""end"":119.35},{""type"":""verse"",""start"":119.35,""end"":126.5},{""type"":""pre-chorus"",""start"":147.96,""end"":155.04},{""type"":""chorus"",""start"":167.28,""end"":174.42},{""type"":""outro"",""start"":195.98,""end"":206.89}]"
One Of Us,Joan Osborne,1995,1990s,Rock,320,"[{""type"":""instrumental"",""start"":1.65,""end"":5.95},{""type"":""intro"",""start"":16.65,""end"":22.77},{""type"":""instrumental"",""start"":33.6,""end"":39.04},{""type"":""instrumental"",""start"":55.36,""end"":60.79},{""type"":""verse"",""start"":60.79,""end"":66.24},{""type"":""pre-chorus"",""start"":82.85,""end"":88.32},{""type"":""chorus"",""start"":99.25,""end"":104.77},{""type"":""verse"",""start"":121.22,""end"":126.87},{""type"":""pre-chorus"",""start"":143.31,""end"":148.75},{""type"":""chorus"",""start"":159.6,""end"":165.11},{""type"":""instrumental"",""start"":198.1,""end"":203.4},{""type"":""instrumental"",""start"":230.47,""end"":235.65},{""type"":""pre-chorus"",""start"":235.65,""end"":241.09},{""type"":""chorus"",""start"":251.88,""end"":257.32},{""type"":""outro"",""start"":290.15,""end"":295.61}]"
You  re Everywhere,Blue Rodeo,1990,1990s,Rock,170,"[{""type"":""intro"",""start"":0.45,""end"":5.75},{""type"":""instrumental"",""start"":5.75,""end"":12.43},{""type"":""verse"",""start"":12.43,""end"":19.31},{""type"":""instrumental"",""start"":40.08,""end"":47.0},{""type"":""instrumental"",""start"":53.88,""end"":60.73},{""type"":""verse"",""start"":60.73,""end"":67.72},{""type"":""instrumental"",""start"":88.42,""end"":95.42},{""type"":""instrumental"",""start"":109.28,""end"":116.18},{""type"":""verse"",""start"":116.18,""end"":123.06},{""type"":""outro"",""start"":143.84,""end"":150.73}]"
Pass The Mic,The Beastie Boys,1992,1990s,Rock,256,"[{""type"":""intro"",""start"":0.0,""end"":6.0},{""type"":""intro"",""start"":6.0,""end"":11.73},{""type"":""verse"",""start"":17.44,""end"":23.12},{""type"":""bridge"",""start"":34.57,""end"":40.33},{""type"":""verse"",""start"":40.33,""end"":46.05},{""type"":""bridge"",""start"":51.71,""end"":57.38},{""type"":""verse"",""start"":57.38,""end"":63.17},{""type"":""bridge"",""start"":68.85,""end"":74.58},{""type"":""chorus"",""start"":74.58,""end"":80.3},{""type"":""instrumental"",""start"":97.44,""end"":103.16},{""type"":""verse"",""start"":120.33,""end"":126.02},{""type"":""bridge"",""start"":131.75,""end"":137.46},{""type"":""verse"",""start"":137.46,""end"":143.14},{""type"":""bridge"",""start"":148.87,""end"":154.57},{""type"":""verse"",""start"":154.57,""end"":160.32},{""type"":""bridge"",""start"":171.73,""end"":177.47},{""type"":""verse"",""start"":177.47,""end"":183.23},{""type"":""bridge"",""start"":188.91,""end"":194.62},{""type"":""verse"",""start"":194.62,""end"":200.31},{""type"":""instrumental"",""start"":217.42,""end"":223.19},{""type"":""outro"",""start"":251.78,""end"":255.36}]"
The Living,Natalie Merchant,1998,1990s,Rock,198,"[{""type"":""intro"",""start"":0.14,""end"":11.15},{""type"":""instrumental"",""start"":11.15,""end"":22.53},{""type"":""verse"",""start"":22.53,""end"":34.13},{""type"":""chorus"",""start"":46.04,""end"":57.94},{""type"":""verse"",""start"":57.94,""end"":69.82},{""type"":""chorus"",""start"":81.68,""end"":93.65},{""type"":""verse"",""start"":93.65,""end"":105.48},{""type"":""chorus"",""start"":117.43,""end"":129.33},{""type"":""instrumental"",""start"":141.11,""end"":152.89},{""type"":""instrumental"",""start"":152.89,""end"":164.79},{""type"":""chorus"",""start"":164.79,""end"":176.93},{""type"":""outro"",""start"":176.93,""end"":195.7}]"
I Remember You,Compilations,2003,2000s,Country,123,"[{""type"":""intro"",""start"":0.0,""end"":5.04},{""type"":""verse"",""start"":5.04,""end"":12.8},{""type"":""verse"",""start"":20.54,""end"":28.3},{""type"":""pre-chorus"",""start"":36.01,""end"":43.72},{""type"":""chorus"",""start"":51.44,""end"":59.09},{""type"":""pre-chorus"",""start"":74.44,""end"":82.09},{""type"":""chorus"",""start"":89.81,""end"":97.46}]"
Back To Dallas,Compilations,2007,2000s,Country,199,"[{""type"":""intro"",""start"":1.35,""end"":6.67},{""type"":""verse"",""start"":21.17,""end"":26.14},{""type"":""verse"",""start"":36.11,""end"":41.02},{""type"":""verse"",""start"":41.02,""end"":46.04},{""type"":""verse"",""start"":56.06,""end"":60.97},{""type"":""chorus"",""start"":60.97,""end"":65.97},{""type"":""chorus"",""start"":75.97,""end"":80.91},{""type"":""instrumental"",""start"":80.91,""end"":85.79},{""type"":""instrumental"",""start"":95.6,""end"":100.48},{""type"":""verse"",""start"":100.48,""end"":105.54},{""type"":""verse"",""start"":115.64,""end"":120.56},{""type"":""chorus"",""start"":120.56,""end"":125.63},{""type"":""chorus"",""start"":135.65,""end"":140.64},{""type"":""instrumental"",""start"":140.64,""end"":145.6},{""type"":""instrumental"",""start"":155.6,""end"":160.52},{""type"":""chorus"",""start"":160.52,""end"":165.6},{""type"":""chorus"",""start"":175.79,""end"":180.84},{""type"":""outro"",""start"":185.88,""end"":196.3}]"
Ready For The Good Times,Shakira,2001,2000s,Pop,254,"[{""type"":""intro"",""start"":0.28,""end"":8.2},{""type"":""verse"",""start"":16.15,""end"":24.14},{""type"":""pre-chorus"",""start"":32.09,""end"":40.13},{""type"":""chorus"",""start"":48.06,""end"":55.72},{""type"":""chorus"",""start"":63.86,""end"":71.81},{""type"":""verse"",""start"":87.66,""end"":95.53},{""type"":""pre-chorus"",""start"":103.42,""end"":111.52},{""type"":""chorus"",""start"":119.31,""end"":127.26},{""type"":""chorus"",""start"":135.17,""end"":143.32},{""type"":""instrumental"",""start"":151.17,""end"":159.01},{""type"":""instrumental"",""start"":159.01,""end"":166.92},{""type"":""pre-chorus"",""start"":166.92,""end"":174.92},{""type"":""chorus"",""start"":182.8,""end"":190.62},{""type"":""chorus"",""start"":198.65,""end"":206.59},{""type"":""outro"",""start"":214.45,""end"":222.51},{""type"":""instrumental"",""start"":238.38,""end"":254.11}]"
Stand,Jewel,2003,2000s,Pop,193,"[{""type"":""intro"",""start"":0.08,""end"":3.6},{""type"":""verse"",""start"":13.79,""end"":24.01},{""type"":""chorus"",""start"":44.22,""end"":54.28},{""type"":""verse"",""start"":64.47,""end"":74.45},{""type"":""chorus"",""start"":84.56,""end"":94.86},{""type"":""bridge"",""start"":104.95,""end"":117.3},{""type"":""chorus"",""start"":127.59,""end"":137.72},{""type"":""chorus"",""start"":147.81,""end"":157.82},{""type"":""outro"",""start"":168.04,""end"":193.28}]"
Chainsaw Breakfast,Sixtoo,2004,2000s,Electronic,38,"[{""type"":""instrumental"",""start"":0.01,""end"":3.2},{""type"":""instrumental"",""start"":6.23,""end"":9.26},{""type"":""instrumental"",""start"":12.27,""end"":15.33},{""type"":""instrumental"",""start"":18.36,""end"":21.36},{""type"":""instrumental"",""start"":24.41,""end"":27.42},{""type"":""instrumental"",""start"":30.44,""end"":33.44},{""type"":""outro"",""start"":33.44,""end"":38.17}]"
Chapters,Jessy Moss,2003,2000s,Hip-Hop,254,"[{""type"":""intro"",""start"":0.25,""end"":15.23},{""type"":""verse"",""start"":15.23,""end"":21.36},{""type"":""verse"",""start"":44.73,""end"":50.5},{""type"":""chorus"",""start"":68.03,""end"":73.87},{""type"":""verse"",""start"":91.42,""end"":97.13},{""type"":""verse"",""start"":114.71,""end"":120.54},{""type"":""chorus"",""start"":126.33,""end"":132.16},{""type"":""verse"",""start"":149.86,""end"":155.63},{""type"":""instrumental"",""start"":184.69,""end"":190.59},{""type"":""chorus"",""start"":196.47,""end"":202.29},{""type"":""outro"",""start"":219.78,""end"":225.53}]"
It  s Ok,Eminem,1996,1990s,Hip-Hop,211,"[{""type"":""chorus"",""start"":1.28,""end"":11.84},{""type"":""verse"",""start"":22.54,""end"":33.21},{""type"":""chorus"",""start"":75.82,""end"":86.42},{""type"":""verse"",""start"":97.09,""end"":107.73},{""type"":""chorus"",""start"":161.0,""end"":171.7},{""type"":""outro"",""start"":182.35,""end"":193.01},{""type"":""outro"",""start"":193.01,""end"":209.51}]"
Cha Cha Cha d  Amour,Compilations,1996,1990s,Pop,139,"[{""type"":""intro"",""start"":0.42,""end"":4.26},{""type"":""intro"",""start"":7.94,""end"":11.68},{""type"":""instrumental"",""start"":11.68,""end"":15.46},{""type"":""chorus"",""start"":15.46,""end"":19.18},{""type"":""chorus"",""start"":22.89,""end"":26.58},{""type"":""chorus"",""start"":30.38,""end"":34.1},{""type"":""chorus"",""start"":37.84,""end"":41.57},{""type"":""verse"",""start"":45.28,""end"":49.02},{""type"":""verse"",""start"":52.71,""end"":56.43},{""type"":""verse"",""start"":60.1,""end"":63.86},{""type"":""bridge"",""start"":67.6,""end"":71.31},{""type"":""bridge"",""start"":75.06,""end"":78.78},{""type"":""instrumental"",""start"":82.49,""end"":86.25},{""type"":""instrumental"",""start"":90.02,""end"":93.74},{""type"":""instrumental"",""start"":93.74,""end"":97.56},{""type"":""chorus"",""start"":97.56,""end"":101.33},{""type"":""chorus"",""start"":105.13,""end"":108.88},{""type"":""chorus"",""start"":112.65,""end"":116.35},{""type"":""chorus"",""start"":120.12,""end"":123.86},{""type"":""chorus"",""start"":127.65,""end"":131.38},{""type"":""outro"",""start"":131.38,""end"":136.3}]"
Alright,Kinnie Starr,2001,2000s,Folk,254,"[{""type"":""intro"",""start"":0.0,""end"":5.1},{""type"":""intro"",""start"":5.1,""end"":14.68},{""type"":""verse"",""start"":26.65,""end"":36.37},{""type"":""chorus"",""start"":45.87,""end"":55.53},{""type"":""verse"",""start"":74.69,""end"":84.39},{""type"":""chorus"",""start"":93.89,""end"":103.5},{""type"":""bridge"",""start"":113.02,""end"":122.63},{""type"":""chorus"",""start"":165.82,""end"":175.43},{""type"":""chorus"",""start"":184.98,""end"":194.65},{""type"":""outro"",""start"":204.22,""end"":213.79},{""type"":""outro"",""start"":233.05,""end"":242.64}]"
Hey   That  s No Way To Say Goodbye,Leonard Cohen,1968,1960s,Folk,175,"[{""type"":""intro"",""start"":0.28,""end"":7.83},{""type"":""verse"",""start"":7.83,""end"":21.52},{""type"":""verse"",""start"":63.25,""end"":76.68},{""type"":""verse"",""start"":118.6,""end"":132.06}]"
Broken,Norah Jones,2007,2000s,Folk,201,"[{""type"":""intro"",""start"":0.37,""end"":14.5},{""type"":""verse"",""start"":14.5,""end"":28.07},{""type"":""instrumental"",""start"":41.67,""end"":54.94},{""type"":""verse"",""start"":54.94,""end"":68.63},{""type"":""instrumental"",""start"":82.23,""end"":95.23},{""type"":""verse"",""start"":95.23,""end"":108.99},{""type"":""instrumental"",""start"":122.37,""end"":135.53},{""type"":""chorus"",""start"":135.53,""end"":149.11}]"
Should I,Burning Spear,1996,1990s,Reggae,255,"[{""type"":""intro"",""start"":0.16,""end"":8.0},{""type"":""chorus"",""start"":14.04,""end"":20.08},{""type"":""instrumental"",""start"":38.5,""end"":44.7},{""type"":""chorus"",""start"":69.17,""end"":75.32},{""type"":""instrumental"",""start"":94.02,""end"":97.06},{""type"":""chorus"",""start"":112.66,""end"":118.78},{""type"":""instrumental"",""start"":149.74,""end"":155.87},{""type"":""chorus"",""start"":174.55,""end"":180.53},{""type"":""outro"",""start"":217.71,""end"":223.9}]"
Berry,Hole,1991,1990s,Rock,161,"[{""type"":""intro"",""start"":0.0,""end"":2.38},{""type"":""verse"",""start"":2.38,""end"":10.83},{""type"":""verse"",""start"":21.83,""end"":32.32},{""type"":""chorus"",""start"":44.47,""end"":54.16},{""type"":""verse"",""start"":71.2,""end"":80.04},{""type"":""bridge"",""start"":90.68,""end"":96.09},{""type"":""bridge"",""start"":112.12,""end"":117.55},{""type"":""chorus"",""start"":124.32,""end"":133.48},{""type"":""chorus"",""start"":142.06,""end"":150.51}]"
C  mon C  mon,The Von Bondies,2004,2000s,Rock,133,"[{""type"":""intro"",""start"":0.49,""end"":3.69},{""type"":""verse"",""start"":13.35,""end"":16.58},{""type"":""verse"",""start"":26.43,""end"":29.67},{""type"":""verse"",""start"":39.22,""end"":42.56},{""type"":""instrumental"",""start"":52.38,""end"":55.6},{""type"":""verse"",""start"":65.38,""end"":68.63},{""type"":""verse"",""start"":78.26,""end"":81.52},{""type"":""verse"",""start"":91.33,""end"":94.56},{""type"":""verse"",""start"":104.3,""end"":107.51},{""type"":""verse"",""start"":117.28,""end"":120.57},{""type"":""outro"",""start"":130.4,""end"":133.05}]"
Hold Me Tight,The Beatles,1963,1960s,Rock,152,"[{""type"":""verse"",""start"":0.44,""end"":11.02},{""type"":""verse"",""start"":31.92,""end"":38.98},{""type"":""instrumental"",""start"":60.06,""end"":72.38},{""type"":""verse"",""start"":72.38,""end"":79.52},{""type"":""instrumental"",""start"":100.76,""end"":113.1},{""type"":""verse"",""start"":113.1,""end"":120.11}]"
Use My Third Arm,Pantera,1994,1990s,Metal,291,"[{""type"":""intro"",""start"":0.0,""end"":0.37},{""type"":""verse"",""start"":48.87,""end"":52.82},{""type"":""chorus"",""start"":88.56,""end"":92.36},{""type"":""verse"",""start"":104.2,""end"":108.36},{""type"":""chorus"",""start"":143.97,""end"":147.78},{""type"":""instrumental"",""start"":158.0,""end"":163.49},{""type"":""instrumental"",""start"":226.77,""end"":230.7},{""type"":""verse"",""start"":230.7,""end"":234.64},{""type"":""chorus"",""start"":254.29,""end"":258.1},{""type"":""outro"",""start"":261.86,""end"":265.76},{""type"":""outro"",""start"":286.33,""end"":291.86}]"
Detours,Sheryl Crow,2008,2000s,Rock,209,"[{""type"":""intro"",""start"":0.64,""end"":3.28},{""type"":""instrumental"",""start"":8.58,""end"":11.19},{""type"":""verse"",""start"":11.19,""end"":13.84},{""type"":""chorus"",""start"":32.28,""end"":34.92},{""type"":""instrumental"",""start"":57.36,""end"":60.0},{""type"":""instrumental"",""start"":65.27,""end"":67.92},{""type"":""verse"",""start"":67.92,""end"":70.57},{""type"":""chorus"",""start"":89.02,""end"":91.67},{""type"":""instrumental"",""start"":114.04,""end"":116.72},{""type"":""instrumental"",""start"":132.51,""end"":135.13},{""type"":""chorus"",""start"":135.13,""end"":137.83},{""type"":""instrumental"",""start"":160.24,""end"":162.86},{""type"":""instrumental"",""start"":178.68,""end"":181.3},{""type"":""verse"",""start"":181.3,""end"":183.99}]"
On A Tuesday In Amsterdam Long Ago,Counting Crows,2008,2000s,Rock,297,"[{""type"":""intro"",""start"":0.14,""end"":13.66},{""type"":""verse"",""start"":13.66,""end"":24.27},{""type"":""chorus"",""start"":60.23,""end"":72.25},{""type"":""verse"",""start"":84.28,""end"":96.24},{""type"":""chorus"",""start"":132.31,""end"":144.3},{""type"":""instrumental"",""start"":156.4,""end"":168.32},{""type"":""instrumental"",""start"":168.32,""end"":180.4},{""type"":""verse"",""start"":180.4,""end"":192.46},{""type"":""chorus"",""start"":228.43,""end"":240.44}]"
